A1,A2,A3,B1,B2,B3,v_alpha,j_alpha,v_beta,j_beta,peptide,allele,origin,binder,nettcr_prediction
YTDSSSTYL,IFSNMDM,CAETRSRDYKLSF,EQHMGHRAM,VYSYEKLSINESVPSRFS,CASSQEEGPGNQPQHF,TRAV5*01,TRAJ20*01,TRBV4-1*01,TRBJ1-5*01,RAKFKQLL,HLA-B*08:01,swapped,0,0.41467172
SSSVFSSL,VVTGGEV,CAGAAGTGGFKTIF,KPISGHDYL,YFNNNVPIDDSGMPEDRFS,CASSLGALAGIPRDTQYF,TRAV27*01,TRAJ9*01,TRBV12-4*01,TRBJ2-3*01,RAKFKQLL,HLA-B*08:01,true_neg,0,0.1406438
YENTAFDYF,IRPDVSE,CAATDNNARLMF,KPISGHNSL,YFNNNVPIDDSGMPEDRFS,CASSFSGNTGELFF,TRAV23/DV6*01,TRAJ31*01,TRBV12-3*01,TRBJ2-2*01,RAKFKQLL,HLA-B*08:01,tenx,1,0.93949336
FTDSAIYNL,IQSSQRE,CAALPSPMNRDDKIIF,SPISGHRSV,EYFSETQRNKGNFPGRFS,CASSLDGLFYEQYF,TRAV21*01,TRAJ30*01,TRBV5-1*01,TRBJ2-7*01,RAKFKQLL,HLA-B*08:01,true_neg,0,0.015639354
YSDSASNYF,IRSNVGE,CAASETSYDKVIF,EQNLNHDAM,YSQIVNDFQKGDIAEGYS,CASSARSSTEQYF,TRAV13-1*01,TRAJ50*01,TRBV19*01,TRBJ2-7*01,RAKFKQLL,HLA-B*08:01,swapped,0,0.72713584
YSNSASDYF,IRSNMDK,CADSGGGADGLTF,TQDMRHNAM,YSNTAGTTGKGEVPDGYS,CATSPSGGTYNEQFF,TRAV13-2*01,TRAJ45*01,TRBV6-4*01,TRBJ2-1*01,RAKFKQLL,HLA-B*08:01,tenx,1,0.7027023
YSSSYSPSL,YTSAATL,CVVSEDNNDMRF,SQNMNHEYM,YSMNVEVTDKGDVPEGYK,CASREGVLSIGEQFF,TRAV8-2*01,TRAJ43*01,TRBV27*01,TRBJ2-1*01,RAKFKQLL,HLA-B*08:01,true_neg,0,0.027798513
YTDSSSTYL,IFSNMDM,CAEKTTGFQKLVF,DPISEHNRL,YFQNEAQLEKSRLLSDRFS,CASSLDGFEQYF,TRAV5*01,TRAJ8*01,TRBV7-9*01,TRBJ2-7*01,RAKFKQLL,HLA-B*08:01,true_neg,0,0.16967085
FTDSAIYNL,IQSSQRE,CAVRETGANSKLTF,EQNLNHDAM,YSQIVNDFQKGDIAEGYS,CASTPRGIYGYTF,TRAV21*01,TRAJ56*01,TRBV19*01,TRBJ1-2*01,RAKFKQLL,HLA-B*08:01,true_neg,0,0.0066370973
SSTTLSNI,LVKSGE,CAVWGSQGNLIF,EQNLNHDAM,YSQIVNDFQKGDIAEGYS,CASSSRSGNEQFF,TRAV25*01,TRAJ42*01,TRBV19*01,TRBJ2-1*01,RAKFKQLL,HLA-B*08:01,swapped,0,0.005623157
YSDSASNYF,IRSNVGE,CAASETSYDKVIF,RSLDFQATTM,TSNEGSKATYEQGVEKDKFL,CSARALPVGNTIYF,TRAV13-1*01,TRAJ50*01,TRBV20-1*01,TRBJ1-3*01,RAKFKQLL,HLA-B*08:01,swapped,0,0.7643721
YSDSASNYF,IRSNVGE,CAASLPGMDSSYKLIF,SPRSGDLSV,QYYNGEERAKGNILERFS,CASSEFSGANVLTF,TRAV13-1*01,TRAJ12*01,TRBV9*01,TRBJ2-6*01,RAKFKQLL,HLA-B*08:01,true_neg,0,0.030132663
YSYGATPYL,YFSGDTL,CAVRVLGTGGGNKLTF,EQHMGHRAM,VYSYEKLSINESVPSRFS,CASSPASTSSYNEQFF,TRAV8-3*01,TRAJ10*01,TRBV4-1*01,TRBJ2-1*01,RAKFKQLL,HLA-B*08:01,true_neg,0,0.06959734
YKTSINNL,IRSNERE,CATGSMEYGNKLVF,SPRSGDLSV,QYYNGEERAKGNILERFS,CASRMGDINTGELFF,TRAV17*01,TRAJ47*01,TRBV9*01,TRBJ2-2*01,RAKFKQLL,HLA-B*08:01,swapped,0,0.020330336
YQTSGFNGL,NVLDGL,CAEGPGTYKYIF,HQTWNHNNM,YSYGVQDTNKGEVSDGYS,CASSESQGMNTEAFF,TRAV1-2*01,TRAJ40*01,TRBV10-1*01,TRBJ1-1*01,RAKFKQLL,HLA-B*08:01,true_neg,0,0.017260227
YQTSGFNGL,NVLDGL,CAVRPDSNYQLIW,EQHLGHNAM,VYSLEERVENNSVPSRFS,CASSPRGSDTQYF,TRAV1-2*01,TRAJ33*01,TRBV4-3*01,TRBJ2-3*01,RAKFKQLL,HLA-B*08:01,true_neg,0,0.05946619
YSYGATPYL,YFSGDTL,CAVGGGGADGLTF,EQHLGHNAM,VYSLEERVENNSVPSRFS,CASSQEVAGRYGYTF,TRAV8-3*01,TRAJ45*01,TRBV4-3*01,TRBJ1-2*01,RAKFKQLL,HLA-B*08:01,true_neg,0,0.20511408
YSVSGNPYL,YITGDNL,CAVRDRDNNARLMF,EQHLGHNAM,VYSLEERVENNSVPSRFS,CASSQVTYSYGYTF,TRAV3*01,TRAJ31*01,TRBV4-3*01,TRBJ1-2*01,RAKFKQLL,HLA-B*08:01,true_neg,0,0.012024385
YSNSASQSF,VYSSG,CVVPTTGGSYIPTF,DPISGHTAL,YFQGTGAADDSGLPNDRFF,CASSATGAGEQYF,TRAV12-1*01,TRAJ6*01,TRBV7-3*01,TRBJ2-7*01,RAKFKQLL,HLA-B*08:01,true_neg,0,0.30273116
YQTSGFNGL,NVLDGL,CAVRDRAKSNYQLIW,AQDMNHEYM,YSVGAGITDQGEVPNGYN,CASSYGRDSYEQYF,TRAV1-2*01,TRAJ33*01,TRBV6-5*01,TRBJ2-7*01,RAKFKQLL,HLA-B*08:01,true_neg,0,0.03633659
YTDSSSTYL,IFSNMDM,CAEDSNARLMF,RSLDFQATTM,TSNEGSKATYEQGVEKDKFL,CSARSGVGNTIYF,TRAV5*01,TRAJ31*01,TRBV20-1*01,TRBJ1-3*01,RAKFKQLL,HLA-B*08:01,swapped,0,0.015081977
YSDRGSQSF,IYSNGD,CASPGGGADGLTF,SPKSGHDTV,QYYEEEERQRGNFPDRFS,CASSATGTHSFGYTF,TRAV12-2*01,TRAJ45*01,TRBV5-6*01,TRBJ1-2*01,RAKFKQLL,HLA-B*08:01,true_neg,0,0.3217716
YSDRGSQSF,IYSNGD,CAANQAGTALIF,EQHLGHNAM,VYSLEERVENNSVPSRFS,CASSQGVLLGQPQHF,TRAV12-2*01,TRAJ15*01,TRBV4-3*01,TRBJ1-5*01,RAKFKQLL,HLA-B*08:01,swapped,0,0.0138773
YTDSSSTYL,IFSNMDM,CAEMEGGSYIPTF,NPISGHATL,QFQNNGVVDDSQLPKDRFS,CASSWGGGSHYGYTF,TRAV5*01,TRAJ6*01,TRBV11-2*01,TRBJ1-2*01,RAKFKQLL,HLA-B*08:01,swapped,0,0.5751809
YSNSASDYF,IRSNMDK,CAETPNAGNMLTF,SPRSGDLSV,QYYNGEERAKGNILERFS,CASSAGDFETEAFF,TRAV13-2*01,TRAJ39*01,TRBV9*01,TRBJ1-1*01,RAKFKQLL,HLA-B*08:01,true_neg,0,0.010985834
YSDSASNYF,IRSNVGE,CAASETSYDKVIF,KPISGHNSL,YFNNNVPIDDSGMPEDRFS,CASSIGDRAYGYTF,TRAV13-1*01,TRAJ50*01,TRBV12-3*01,TRBJ1-2*01,RAKFKQLL,HLA-B*08:01,tenx,1,0.98619807
YDTSDPSYGL,QGSYDQQN,CAMNSGYSTLTF,DPISGHTAL,YFQGTGAADDSGLPNDRFF,CASSLSGQGRGEQFF,TRAV14/DV4*01,TRAJ11*01,TRBV7-3*01,TRBJ2-1*01,RAKFKQLL,HLA-B*08:01,tenx,1,0.1602977
YSNSAFQYF,TYSSGN,CAMRDTNAGGTSYGKLTF,EQNLNHDAM,YSQIVNDFQKGDIAEGYS,CASSMRSGSEQFF,TRAV12-3*01,TRAJ52*01,TRBV19*01,TRBJ2-1*01,RAKFKQLL,HLA-B*08:01,swapped,0,0.014495398
YTDSSSTYL,IFSNMDM,CAEKRGGADGLTF,EQHMGHRAM,VYSYEKLSINESVPSRFS,CASSWRGEATGELFF,TRAV5*01,TRAJ45*01,TRBV4-1*01,TRBJ2-2*01,RAKFKQLL,HLA-B*08:01,true_neg,0,0.9327238
HSTISGTDYI,GLTSN,CILREKSGGSNYKLTF,EQNLNHDAM,YSQIVNDFQKGDIAEGYS,CASSIVLGLGEKLFF,TRAV26-2*01,TRAJ53*01,TRBV19*01,TRBJ1-4*01,RAKFKQLL,HLA-B*08:01,tenx,1,0.031095842
YETRDTTYYL,RNSFDEQN,CALSEASQGGSEKLVF,AQDMNHNSM,YSASEGTTDKGEVPNGYN,CASSWGAFNEKLFF,TRAV19*01,TRAJ57*01,TRBV6-1*01,TRBJ1-4*01,RAKFKQLL,HLA-B*08:01,true_neg,0,0.01849683
YSDRGSQSF,IYSNGD,CAVNQFYF,VQDMDHENM,FSYDVKMKEKGDIPEGYS,CASSLPGLAGDRAYEQYF,TRAV12-2*01,TRAJ49*01,TRBV28*01,TRBJ2-7*01,RAKFKQLL,HLA-B*08:01,swapped,0,0.0062881396
YSDRGSQSF,IYSNGD,CAVKNYGQNFVF,VPISNHLYF,SFYNNEISEKSEIFDDQFS,CASSVQGSDPYEQYF,TRAV12-2*01,TRAJ26*01,TRBV2*01,TRBJ2-7*01,RAKFKQLL,HLA-B*08:01,true_neg,0,0.032462895
YSNSASDYF,IRSNMDK,CAEASTSGTYKYIF,EQHMGHRAM,VYSYEKLSINESVPSRFS,CASSHPGTGDEKLFF,TRAV13-2*01,TRAJ40*01,TRBV4-1*01,TRBJ1-4*01,RAKFKQLL,HLA-B*08:01,true_neg,0,0.69591707
YTDSSSTYL,IFSNMDM,CAEKGGGSYIPTF,DPISGHTAL,YFQGNSAPDKSGLPSDRFS,CASSGGGGGFEVEQYF,TRAV5*01,TRAJ6*01,TRBV7-2*01,TRBJ2-7*01,RAKFKQLL,HLA-B*08:01,true_neg,0,0.20542379
YSNSAFQYF,TYSSGN,CAMGNYGQNFVF,RSLDFQATTM,TSNEGSKATYEQGVEKDKFL,CSAHLAETYEQYF,TRAV12-3*01,TRAJ26*01,TRBV20-1*01,TRBJ2-7*01,RAKFKQLL,HLA-B*08:01,true_neg,0,0.027297104
YTNSMFDYF,ISSIKDK,CAAYNDYKLSF,SQNMNHEYM,YSMNVEVTDKGDVPEGYK,CASSSLPRPGPPGGYTF,TRAV29/DV5*01,TRAJ20*01,TRBV27*01,TRBJ1-2*01,RAKFKQLL,HLA-B*08:01,true_neg,0,0.100069776
YSDRGSQSF,IYSNGD,CAVGLGFGNVLHC,EQHMGHRAM,VYSYEKLSINESVPSRFS,CASSWEGNTEAFF,TRAV12-2*01,TRAJ35*01,TRBV4-1*01,TRBJ1-1*01,RAKFKQLL,HLA-B*08:01,swapped,0,0.09191676
HSVSNAYNF,GSKPS,CAVEDNYGQNFVF,QVDSQVTMM,TANQGSEATYESGFVIDKFP,CSTWGTGLNGYTF,TRAV2*01,TRAJ26*01,TRBV29-1*01,TRBJ1-2*01,RAKFKQLL,HLA-B*08:01,tenx,1,0.12204399
YTNSMFDYF,ISSIKDK,CAASVYRGYNNNDMRF,EQNLNHDAM,YSQIVNDFQKGDIAEGYS,CASSPRSNQPQHF,TRAV29/DV5*01,TRAJ43*01,TRBV19*01,TRBJ1-5*01,RAKFKQLL,HLA-B*08:01,swapped,0,0.0053141695
YSNSASDYF,IRSNMDK,CAENMGGGSQGNLIF,EQNLNHDAM,YSQIVNDFQKGDIAEGYS,CASSDRAGNEQFF,TRAV13-2*01,TRAJ42*01,TRBV19*01,TRBJ2-1*01,RAKFKQLL,HLA-B*08:01,swapped,0,0.00584546
YQTSGFNGL,NVLDGL,CAVRDDKAAGNKLTF,SPISGHRSV,EYFSETQRNKGNFPGRFS,CASSDSGSGNEQFF,TRAV1-2*01,TRAJ17*01,TRBV5-1*01,TRBJ2-1*01,RAKFKQLL,HLA-B*08:01,true_neg,0,0.045385756
YETRDTTYYL,RNSFDEQN,CALSENRNTGNQFYF,DPISGHTAL,YFQGTGAADDSGLPNDRFF,CASSTGGRTEAFF,TRAV19*01,TRAJ49*01,TRBV7-3*01,TRBJ1-1*01,RAKFKQLL,HLA-B*08:01,true_neg,0,0.09943495
YDTSENNYYL,QEAYKQQN,CAFMSLTGNQFYF,QVDSQVTMM,TANQGSEATYESGFVIDKFP,CSVGDLGQGGSYEQYF,TRAV38-1*01,TRAJ49*01,TRBV29-1*01,TRBJ2-7*01,RAKFKQLL,HLA-B*08:01,true_neg,0,0.11611229
SSTTLSNI,LVKSGE,CAGLTTDSWGKFQF,DPISGHTAL,YFQGTGAADDSGLPNDRFF,CASSVDVAGGYNEQFF,TRAV25*01,TRAJ24*01,TRBV7-3*01,TRBJ2-1*01,RAKFKQLL,HLA-B*08:01,swapped,0,0.09471318
YTNSMFDYF,ISSIKDK,CAASDSSDSWGKLQF,EQHLGHNAM,VYNFKEQTENNSVPSRFS,CASSQRGVRSGNTIYF,TRAV29/DV5*01,TRAJ24*01,TRBV4-2*01,TRBJ1-3*01,RAKFKQLL,HLA-B*08:01,true_neg,0,0.08289963
YSYGGTVNL,YFSGDPL,CAVNRTNAGKSTF,EQNLNHDAM,YSQIVNDFQKGDIAEGYS,CASSGRSTGELFF,TRAV8-1*01,TRAJ27*01,TRBV19*01,TRBJ2-2*01,RAKFKQLL,HLA-B*08:01,swapped,0,0.01863698
YSDSASNYF,IRSNVGE,CAASETSYDKVIF,DPISEHNRL,YFQNEAQLEKSRLLSDRFS,CASSLLGQPNTEAFF,TRAV13-1*01,TRAJ50*01,TRBV7-9*01,TRBJ1-1*01,RAKFKQLL,HLA-B*08:01,tenx,1,0.98386794
FTDSAIYNL,IQSSQRE,CAVKANQAGTALIF,DPISEHNRL,YFQNEAQLEKSRLLSDRFS,CASSLVDSGSSYEQYF,TRAV21*01,TRAJ15*01,TRBV7-9*01,TRBJ2-7*01,RAKFKQLL,HLA-B*08:01,true_neg,0,0.05013618
YSDSASNYF,IRSNVGE,CAATWGGSNYKLTF,AQDMNHEYM,YSVGEGTTAKGEVPDGYN,CASSRYAYGTSRTDTQYF,TRAV13-1*01,TRAJ53*01,TRBV6-3*01,TRBJ2-3*01,RAKFKQLL,HLA-B*08:01,true_neg,0,0.060245585
YTNSMFDYF,ISSIKDK,CAARLNSGYALNF,EQNLNHDAM,YSQIVNDFQKGDIAEGYS,CASSPAGGGIADTQYF,TRAV29/DV5*01,TRAJ41*01,TRBV19*01,TRBJ2-3*01,RAKFKQLL,HLA-B*08:01,true_neg,0,0.005574352
YQTSGFNGL,NVLDGL,CAVRDRGSTLGRLYF,DPISGHTAL,YFQGNSAPDKSGLPSDRFS,CASSSRTAPNTEAFF,TRAV1-2*01,TRAJ18*01,TRBV7-2*01,TRBJ1-1*01,RAKFKQLL,HLA-B*08:01,true_neg,0,0.051104344
YSDSASNYF,IRSNVGE,CAASETSYDKVIF,YPIPRHDTV,SFYEKMQSDKGSIPDRFS,CASSLMRGGTYNSPLHF,TRAV13-1*01,TRAJ50*01,TRBV13*01,TRBJ1-6*01,RAKFKQLL,HLA-B*08:01,tenx,1,0.76437694
YETRDTTYYL,RNSFDEQN,CALSEISGGSNYKLTF,EQHLGHNAM,VYSLEERVENNSVPSRFS,CASSQGAGTFNTEAFF,TRAV19*01,TRAJ53*01,TRBV4-3*01,TRBJ1-1*01,RAKFKQLL,HLA-B*08:01,true_neg,0,0.019886302
FTDSAIYNL,IQSSQRE,CVLNYNQGGKLIF,SQNMNHEYM,YSMNVEVTDKGDVPEGYK,CASSLRQDGNEQFF,TRAV21*01,TRAJ23*01,TRBV27*01,TRBJ2-1*01,RAKFKQLL,HLA-B*08:01,true_neg,0,0.020695513
YDTSENNYYL,QEAYKQQN,CAFMLDAGGTSYGKLTF,EQNLNHDAM,YSQIVNDFQKGDIAEGYS,CASSIGYYGYTF,TRAV38-1*01,TRAJ52*01,TRBV19*01,TRBJ1-2*01,RAKFKQLL,HLA-B*08:01,swapped,0,0.004349107
YSDRGSQSF,IYSNGD,CAVPTDSWGKLQF,AQDMNHEYM,YSVGEGTTAKGEVPDGYN,CASSPTGVGQPQHF,TRAV12-2*01,TRAJ24*01,TRBV6-3*01,TRBJ1-5*01,RAKFKQLL,HLA-B*08:01,swapped,0,0.004850009
FPSSNFYAL,MTLNGDE,CAFLNNAGNMLTF,SQTLNHNVM,HYYDKDFNNEADTPDNFQ,CATSRDRLAGGRNEQFF,TRAV24*01,TRAJ39*01,TRBV15*01,TRBJ2-1*01,RAKFKQLL,HLA-B*08:01,true_neg,0,0.031744268
YSNSASQSF,VYSSG,CVVYYGGKLIF,KPISGHNSL,YFNNNVPIDDSGMPEDRFS,CASSFSGNTGELFF,TRAV12-1*01,TRAJ23*01,TRBV12-3*01,TRBJ2-2*01,RAKFKQLL,HLA-B*08:01,tenx,1,0.896557
FTDSAIYNL,IQSSQRE,CAVRLEGPGGTSYGKLTF,EQNLNHDAM,YSQIVNDFQKGDIAEGYS,CASDTGGGYGYTF,TRAV21*01,TRAJ52*01,TRBV19*01,TRBJ1-2*01,RAKFKQLL,HLA-B*08:01,swapped,0,0.0072521404
SSSVFSSL,VVTGGEV,CAGGGFADYGGSQGNLIF,EQNLNHDAM,YSQIVNDFQKGDIAEGYS,CASSLYSNQPQHF,TRAV27*01,TRAJ42*01,TRBV19*01,TRBJ1-5*01,RAKFKQLL,HLA-B*08:01,swapped,0,0.0070602195
YENTAFDYF,IRPDVSE,CAASRSNDYKLSF,SPKSGHDTV,QYYEEEERQRGNFPDRFS,CASSLRDGSEAFF,TRAV23/DV6*01,TRAJ20*01,TRBV5-6*01,TRBJ1-1*01,RAKFKQLL,HLA-B*08:01,tenx,1,0.94098246
YSYGGTVNL,YFSGDPL,CAVNFAGGGADGLTF,VPISNHLYF,SFYNNEISEKSEIFDDQFS,CASSESAGGYYNEQFF,TRAV8-1*01,TRAJ45*01,TRBV2*01,TRBJ2-1*01,RAKFKQLL,HLA-B*08:01,swapped,0,0.007034232
HSTISGTDYI,GLTSN,CILRVPHTGNQFYF,NPISGHATL,QFQNNGVVDDSQLPKDRFS,CASSSHRAGTDTQYF,TRAV26-2*01,TRAJ49*01,TRBV11-2*01,TRBJ2-3*01,RAKFKQLL,HLA-B*08:01,true_neg,0,0.03258616
YTVSPFSNL,MTFSENT,CVVSVRGGYNKLIF,DPISEHNRL,YFQNEAQLEKSRLLSDRFS,CASSFSLQETQYF,TRAV10*01,TRAJ4*01,TRBV7-9*01,TRBJ2-5*01,RAKFKQLL,HLA-B*08:01,true_neg,0,0.022173043
YQTSGFNGL,NVLDGL,CAARSYNTDKLIF,DPISGHTAL,YFQGTGAADDSGLPNDRFF,CASSSGGVGEQFF,TRAV1-2*01,TRAJ34*01,TRBV7-3*01,TRBJ2-1*01,RAKFKQLL,HLA-B*08:01,true_neg,0,0.5143847
YETRDTTYYL,RNSFDEQN,CAQYFTYNFNKFYF,AQDMNHNSM,YSASEGTTDKGEVPNGYN,CASSAHRQGANTGELFF,TRAV19*01,TRAJ21*01,TRBV6-1*01,TRBJ2-2*01,RAKFKQLL,HLA-B*08:01,true_neg,0,0.08159624
YSNSASQSF,VYSSG,CVVNMDNARLMF,NPISGHATL,QFQNNGVVDDSQLPKDRFS,CASSLGDFLRTDTQYF,TRAV12-1*01,TRAJ31*01,TRBV11-2*01,TRBJ2-3*01,RAKFKQLL,HLA-B*08:01,tenx,1,0.022625353
YSVSGNPYL,YITGDNL,CAVRERSGGYNKLIF,AQDMNHNSM,YSASEGTTDKGEVPNGYN,CASRGLRFQETQYF,TRAV3*01,TRAJ4*01,TRBV6-1*01,TRBJ2-5*01,RAKFKQLL,HLA-B*08:01,true_neg,0,0.0071982294
YDTSDPSYGL,QGSYDQQN,CAMREGLDGGSQGNLIF,EQHLGHNAM,VYSLEERVENNSVPSRFS,CASSQEGTGLVQETQYF,TRAV14/DV4*01,TRAJ42*01,TRBV4-3*01,TRBJ2-5*01,RAKFKQLL,HLA-B*08:01,true_neg,0,0.006725257
YTATGYPSL,ATKADDK,CALTFGELVF,DPISEHNRL,YFQNEAQLEKSRLLSDRFS,CASSYSGGTEAFF,TRAV9-2*01,TRAJ57*01,TRBV7-9*01,TRBJ1-1*01,RAKFKQLL,HLA-B*08:01,true_neg,0,0.08335025
YTNSMFDYF,ISSIKDK,CAASARGDMRF,TQDMNHNYM,YSVGAGITDKGEVPNGYN,CASSGTGGRGTEAFF,TRAV29/DV5*01,TRAJ43*01,TRBV6-6*01,TRBJ1-1*01,RAKFKQLL,HLA-B*08:01,true_neg,0,0.100018784
YTDSSSTYL,IFSNMDM,CAEDNNARLMF,RSLDFQATTM,TSNEGSKATYEQGVEKDKFL,CSARDDGVNTEAFF,TRAV5*01,TRAJ31*01,TRBV20-1*01,TRBJ1-1*01,RAKFKQLL,HLA-B*08:01,swapped,0,0.010362217
YDTSENNYYL,QEAYKQQN,CAFMKHDFNAGNMLTF,RSLDFQATTM,TSNEGSKATYEQGVEKDKFL,CSARWGGGTDTQYF,TRAV38-1*01,TRAJ39*01,TRBV20-1*01,TRBJ2-3*01,RAKFKQLL,HLA-B*08:01,true_neg,0,0.015535444
YSDSASNYF,IRSNVGE,CAATGGGADGLTF,SQNMNHEYM,YSMNVEVTDKGDVPEGYK,CASSPYPGQLSSYEQYF,TRAV13-1*01,TRAJ45*01,TRBV27*01,TRBJ2-7*01,RAKFKQLL,HLA-B*08:01,true_neg,0,0.6610131
YQTSGFNGL,NVLDGL,CAVSGYGNMLTF,SPRSGDLSV,QYYNGEERAKGNILERFS,CASSVAESPGYPPLVTEAF,TRAV1-2,TRAJ39,TRBV9,TRBJ1-1,RAKFKQLL,HLA-B*08:01,swapped,0,0.0066833943
YSDSASNYF,IRSNVGE,CAPRGERGSTLGRLYF,VQDMDHENM,FSYDVKMKEKGDIPEGYS,CASSLSLLNYGYTF,TRAV13-1*01,TRAJ18*01,TRBV28*01,TRBJ1-2*01,RAKFKQLL,HLA-B*08:01,true_neg,0,0.00685981
YSVSGNPYL,YITGDNL,CAAPPSNTGKLIF,EQNLNHDAM,YSQIVNDFQKGDIAEGYS,CASSTRAADTQYF,TRAV3*01,TRAJ37*01,TRBV19*01,TRBJ2-3*01,RAKFKQLL,HLA-B*08:01,swapped,0,0.0042872336
YDTSESDYYL,QEAYKQQN,CAYREGTDKLIF,EQNLNHDAM,YSQIVNDFQKGDIAEGYS,CASRTPGGWGNQPQHF,TRAV38-2/DV8*01,TRAJ34*01,TRBV19*01,TRBJ1-5*01,RAKFKQLL,HLA-B*08:01,true_neg,0,0.015421979
SSTTLSNI,LVKSGE,CAGSYGGSQGNLIF,EQNLNHDAM,YSQIVNDFQKGDIAEGYS,CASSIRSHDEQFF,TRAV25*01,TRAJ42*01,TRBV19*01,TRBJ2-1*01,RAKFKQLL,HLA-B*08:01,swapped,0,0.0040748036
YSYGGTVNL,YFSGDPL,CAVRETSYDKVIF,SPMKGHSHV,YLQKENIIDESGMPKERFS,CASSPWADVVTDTQYF,TRAV8-1*01,TRAJ50*01,TRBV18*01,TRBJ2-3*01,RAKFKQLL,HLA-B*08:01,tenx,1,0.2945188
YSNSASQSF,VYSSG,CVVNYGGGSQGNLIF,EQNLNHDAM,YSQIVNDFQKGDIAEGYS,CASSIRSSNEQFF,TRAV12-1*01,TRAJ42*01,TRBV19*01,TRBJ2-1*01,RAKFKQLL,HLA-B*08:01,swapped,0,0.0051004402
YDTSESDYYL,QEAYKQQN,CAYRSLPGTASKLTF,NPISGHATL,QFQNNGVVDDSQLPKDRFS,CASSPGIYNEQFF,TRAV38-2/DV8*01,TRAJ44*01,TRBV11-2*01,TRBJ2-1*01,RAKFKQLL,HLA-B*08:01,true_neg,0,0.004936442
YSDSASNYF,IRSNVGE,CAAGETSYDKVIF,EQHMGHRAM,VYSYEKLSINESVPSRFS,CASSQDRSGEGYTF,TRAV13-1*01,TRAJ50*01,TRBV4-1*01,TRBJ1-2*01,RAKFKQLL,HLA-B*08:01,tenx,1,0.9587027
YSDRGSQSF,IYSNGD,CAVNIETGANNLFF,VQDMDHENM,FSYDVKMKEKGDIPEGYS,CASRPTGLGQPQHF,TRAV12-2*01,TRAJ36*01,TRBV28*01,TRBJ1-5*01,RAKFKQLL,HLA-B*08:01,swapped,0,0.0034083673
YQTSGFNGL,NVLDGL,CAVRSDGGYQKVTF,SPRSGDLSV,QYYNGEERAKGNILERFS,CASSQGRTPLF,TRAV1-2*01,TRAJ13*01,TRBV9*01,TRBJ1-1*01,RAKFKQLL,HLA-B*08:01,true_neg,0,0.00867252
SSSVFSSL,VVTGGEV,CAGAGGGSQGNLIF,EQNLNHDAM,YSQIVNDFQKGDIAEGYS,CASSKRSTGELFF,TRAV27*01,TRAJ42*01,TRBV19*01,TRBJ2-2*01,RAKFKQLL,HLA-B*08:01,swapped,0,0.01638722
SSSIFNTW,LYKAGEL,CAGILYGGSQGNLIF,EQNLNHDAM,YSQIVNDFQKGDIAEGYS,CASSLRSSYEQYF,TRAV35*01,TRAJ42*01,TRBV19*01,TRBJ2-7*01,RAKFKQLL,HLA-B*08:01,swapped,0,0.005472151
YSDSASNYF,IRSNVGE,CAAKEGGSEKLVF,SQNMNHEYM,YSMNVEVTDKGDVPEGYK,CASSLSGRPYEQYF,TRAV13-1*01,TRAJ57*01,TRBV27*01,TRBJ2-7*01,RAKFKQLL,HLA-B*08:01,tenx,1,0.9155656
FTDSAIYNL,IQSSQRE,CAVHGYGQNFVF,DPISGHTAL,YFQGTGAADDSGLPNDRFF,CASSLGTSGGTGELFF,TRAV21*01,TRAJ26*01,TRBV7-3*01,TRBJ2-2*01,RAKFKQLL,HLA-B*08:01,tenx,1,0.7449868
YDTSESDYYL,QEAYKQQN,CAYMDSGTYKYIF,VQDMDHENM,FSYDVKMKEKGDIPEGYS,CASSPGPGWVRTDTQYF,TRAV38-2/DV8*01,TRAJ40*01,TRBV28*01,TRBJ2-3*01,RAKFKQLL,HLA-B*08:01,swapped,0,0.017376017
YSNSASQSF,VYSSG,CAPGAGGFKTIF,VQDMDHENM,FSYDVKMKEKGDIPEGYS,CASSSPTGVTSGANVLTF,TRAV12-1*01,TRAJ9*01,TRBV28*01,TRBJ2-6*01,RAKFKQLL,HLA-B*08:01,true_neg,0,0.008879822
YSYGATPYL,YFSGDTL,CAVGLNNARLMF,SPKSGHDTV,QYYEEEERQRGNFPDRFS,CASSARSLWDQPQHF,TRAV8-3*01,TRAJ31*01,TRBV5-6*01,TRBJ1-5*01,RAKFKQLL,HLA-B*08:01,true_neg,0,0.041417487
FPSSNFYAL,MTLNGDE,CAFTNAGGTSYGKLTF,SQNMNHEYM,YSMNVEVTDKGDVPEGYK,CASRPLGGNYGYTF,TRAV24*01,TRAJ52*01,TRBV27*01,TRBJ1-2*01,RAKFKQLL,HLA-B*08:01,true_neg,0,0.013368768
YTNSMFDYF,ISSIKDK,CAAGGGSGGSNYKLTF,SPRSGDLSV,QYYNGEERAKGNILERFS,CASSVFDRVRMNTEAFF,TRAV29/DV5*01,TRAJ53*01,TRBV9*01,TRBJ1-1*01,RAKFKQLL,HLA-B*08:01,true_neg,0,0.016077211
YTNSMFDYF,ISSIKDK,CAASDYNSGAGSYQLTF,EQNLNHDAM,YSQIVNDFQKGDIAEGYS,CASRRSSYHRGFLNQPQHF,TRAV29/DV5*01,TRAJ28*01,TRBV19*01,TRBJ1-5*01,RAKFKQLL,HLA-B*08:01,true_neg,0,0.0070586964
SSTTLSNI,LVKSGE,CASFTGGGNKLTF,EQNLNHDAM,YSQIVNDFQKGDIAEGYS,CASSSTGGGVTEAFF,TRAV25*01,TRAJ10*01,TRBV19*01,TRBJ1-1*01,RAKFKQLL,HLA-B*08:01,swapped,0,0.018823216
FTDSAIYNL,IQSSQRE,CAVRSNDYKLSF,DPISGHATL,QFQDESVVDDSQLPKDRFS,CASRGQQETQYF,TRAV21*01,TRAJ20*01,TRBV11-1*01,TRBJ2-5*01,RAKFKQLL,HLA-B*08:01,true_neg,0,0.02306847
YSSSYSPSL,YTSAATL,CVAPFSGGYNKLIF,SSQSGHNTV,QYYREEENGRGNFPPRFS,CASSFSTTSPAIYF,TRAV8-2*01,TRAJ4*01,TRBV5-4*01,TRBJ1-3*01,RAKFKQLL,HLA-B*08:01,true_neg,0,0.037101246
YDTSDPSYGL,QGSYDQQN,CAMRETPNFGNEKLTF,RSLDFQATTM,TSNEGSKATYEQGVEKDKFL,CSASQFRDLDYEQYF,TRAV14/DV4*01,TRAJ48*01,TRBV20-1*01,TRBJ2-7*01,RAKFKQLL,HLA-B*08:01,true_neg,0,0.014607059
YSDRGSQSF,IYSNGD,CAVRGSSNTGKLIF,EQHLGHNAM,VYSLEERVENNSVPSRFS,CASSQEETAVSGNTIYF,TRAV12-2*01,TRAJ37*01,TRBV4-3*01,TRBJ1-3*01,RAKFKQLL,HLA-B*08:01,swapped,0,0.009415856
HSTISGNEYV,GLKNN,CIVMNRDDKIIF,AQDMNHEYM,YSVGEGTTAKGEVPDGYN,CASSYPTERDNEQFF,TRAV26-1*01,TRAJ30*01,TRBV6-3*01,TRBJ2-1*01,RAKFKQLL,HLA-B*08:01,true_neg,0,0.11523938
YSTTSDRL,LLSNGAV,CAVDPGTSGSRLTF,SPRSGDLSV,QYYNGEERAKGNILERFS,CASSEPGLNQPQHF,TRAV39*01,TRAJ58*01,TRBV9*01,TRBJ1-5*01,RAKFKQLL,HLA-B*08:01,true_neg,0,0.0036861165
YTNSMFDYF,ISSIKDK,CAASARGSQGNLIF,SPKSGHDTV,QYYEEEERQRGNFPDRFS,CASSYLAEQYF,TRAV29/DV5*01,TRAJ42*01,TRBV5-6*01,TRBJ2-7*01,RAKFKQLL,HLA-B*08:01,true_neg,0,0.06311166
YSDSASNYF,IRSNVGE,CAAALGAGGFKTIF,EQNLNHDAM,YSQIVNDFQKGDIAEGYS,CASSMVGTHDTQYF,TRAV13-1*01,TRAJ9*01,TRBV19*01,TRBJ2-3*01,RAKFKQLL,HLA-B*08:01,true_neg,0,0.024014628
YDTSESDYYL,QEAYKQQN,CARSWGYDMRF,EQNLGHDTM,SYNNKELIINETVPNRFS,CASSHRPGLNQETQYF,TRAV38-2/DV8*01,TRAJ43*01,TRBV3-1*01,TRBJ2-5*01,RAKFKQLL,HLA-B*08:01,tenx,1,0.08820542
SSSVFSSL,VVTGGEV,CAGVGETSGSRLTF,KPISGHDYL,YFNNNVPIDDSGMPEDRFS,CASSPWSSYNEQFF,TRAV27*01,TRAJ58*01,TRBV12-4*01,TRBJ2-1*01,RAKFKQLL,HLA-B*08:01,true_neg,0,0.11656256
YTNSMFDYF,ISSIKDK,CAASGGAGSYQLTF,DPISEHNRL,YFQNEAQLEKSRLLSDRFS,CASSLLGRGQYNEQFF,TRAV29/DV5*01,TRAJ28*01,TRBV7-9*01,TRBJ2-1*01,RAKFKQLL,HLA-B*08:01,true_neg,0,0.3950563
YSNSASQSF,VYSSG,CVVNIEAAGNKLTF,EQNLGHDTM,SYNNKELIINETVPNRFS,CASSPTNTGELFF,TRAV12-1*01,TRAJ17*01,TRBV3-1*01,TRBJ2-2*01,RAKFKQLL,HLA-B*08:01,true_neg,0,0.10220617
HNNIATNDYI,GYKTK,CLVGGEGGRNTGGFKTIF,SQNMNHEYM,YSMNVEVTDKGDVPEGYK,CASSTSPRGLGTEAFF,TRAV4*01,TRAJ9*01,TRBV27*01,TRBJ1-1*01,RAKFKQLL,HLA-B*08:01,true_neg,0,0.009163034
YSVSGNPYL,YITGDNL,CAVRDRQGGKLIF,SQTLNHNVM,HYYDKDFNNEADTPDNFQ,CATSRDKGTGSYEQYF,TRAV3*01,TRAJ23*01,TRBV15*01,TRBJ2-7*01,RAKFKQLL,HLA-B*08:01,true_neg,0,0.017822206
YTDSSSTYL,IFSNMDM,CAEIQASGGSYIPTF,SQTLNHNVM,HYYDKDFNNEADTPDNFQ,CATGRGGKIGEQYF,TRAV5*01,TRAJ6*01,TRBV15*01,TRBJ2-7*01,RAKFKQLL,HLA-B*08:01,swapped,0,0.5255534
YTNSMFDYF,ISSIKDK,CAASNTGKLIF,SQNMNHEYM,YSMNVEVTDKGDVPEGYK,CASSLGFTDTQYF,TRAV29/DV5*01,TRAJ37*01,TRBV27*01,TRBJ2-3*01,RAKFKQLL,HLA-B*08:01,tenx,1,0.01703399
YSNSASQSF,VYSSG,CVVGWLGGTSYGKLTF,SQTKGHDRM,YSFDVKDINKGEISDGYS,CATSDGDNYGYTF,TRAV12-1*01,TRAJ52*01,TRBV24-1*01,TRBJ1-2*01,RAKFKQLL,HLA-B*08:01,true_neg,0,0.015062792
YQTSGFYGL,NALDGL,CAAGGVGSNYQLIW,DPISGHTAL,YFQGNSAPDKSGLPSDRFS,CASSQGPPKNNSPLHF,TRAV1-1*01,TRAJ33*01,TRBV7-2*01,TRBJ1-6*01,RAKFKQLL,HLA-B*08:01,true_neg,0,0.030474698
YKTSINNL,IRSNERE,CATDGVRGFKTIF,SPMKGHSHV,YLQKENIIDESGMPKERFS,CASSSGQGAYEQYF,TRAV17*01,TRAJ9*01,TRBV18*01,TRBJ2-7*01,RAKFKQLL,HLA-B*08:01,true_neg,0,0.07357847
YTDSSSTYL,IFSNMDM,CAEDNNARLMF,RSLDFQATTM,TSNEGSKATYEQGVEKDKFL,CSARPQPVGNTIYF,TRAV5*01,TRAJ31*01,TRBV20-1*01,TRBJ1-3*01,RAKFKQLL,HLA-B*08:01,swapped,0,0.01142158
SSSVFSSL,VVTGGEV,CAGPPSMNYGGSQGNLIF,SQTLNHNVM,HYYDKDFNNEADTPDNFQ,CATSPRLADTQYF,TRAV27*01,TRAJ42*01,TRBV15*01,TRBJ2-3*01,RAKFKQLL,HLA-B*08:01,true_neg,0,0.011601898
YSDRGSQSF,IYSNGD,CAVNSRIDAGGSYIPTF,DPISGHDNL,HFVKESKQDESGMPNNRFL,CASSPGWTSGIYEQFF,TRAV12-2*01,TRAJ6*01,TRBV14*01,TRBJ2-1*01,RAKFKQLL,HLA-B*08:01,true_neg,0,0.008649184
YSYSGSPEL,HIS,CALRGDRGSTLGRLYF,SQNMNHEYM,YSMNVEVTDKGDVPEGYK,CASSFSRTSPKPGNEQFF,TRAV16*01,TRAJ18*01,TRBV27*01,TRBJ2-1*01,RAKFKQLL,HLA-B*08:01,true_neg,0,0.010697832
YTNSMFDYF,ISSIKDK,CAASRNNNARLMF,EQNLNHDAM,YSQIVNDFQKGDIAEGYS,CASGGTYNSPLHF,TRAV29/DV5*01,TRAJ31*01,TRBV19*01,TRBJ1-6*01,RAKFKQLL,HLA-B*08:01,true_neg,0,0.005565152
SSKALYSV,LLKGGEQ,CGTDEAGGSQGNLIF,EQNLNHDAM,YSQIVNDFQKGDIAEGYS,CASSTRSTDTQYF,TRAV30*01,TRAJ42*01,TRBV19*01,TRBJ2-3*01,RAKFKQLL,HLA-B*08:01,swapped,0,0.00609395
SSTTLSNI,LVKSGE,CADPFSSNTGKLIF,EQNLNHDAM,YSQIVNDFQKGDIAEGYS,CASSTFSSGRTEAFF,TRAV25*01,TRAJ37*01,TRBV19*01,TRBJ1-1*01,RAKFKQLL,HLA-B*08:01,swapped,0,0.0067313113
FPSSNFYAL,MTLNGDE,CARNTGNQFYF,AQDMNHEYM,YSVGAGITDQGEVPNGYN,CASSPSTGVTFYGYTF,TRAV24*01,TRAJ49*01,TRBV6-5*01,TRBJ1-2*01,RAKFKQLL,HLA-B*08:01,swapped,0,0.011616801
YTNSMFDYF,ISSIKDK,CAGDNFNKFYF,EQNLNHDAM,YSQIVNDFQKGDIAEGYS,CASGGSHQPQHF,TRAV29/DV5*01,TRAJ21*01,TRBV19*01,TRBJ1-5*01,RAKFKQLL,HLA-B*08:01,true_neg,0,0.015717383
YSVSGNPYL,YITGDNL,CAVRDIDMNRDDKIIF,RSLDFQATTM,TSNEGSKATYEQGVEKDKFL,CSARGGDYGYTF,TRAV3*01,TRAJ30*01,TRBV20-1*01,TRBJ1-2*01,RAKFKQLL,HLA-B*08:01,true_neg,0,0.022871185
YSSSVPPYL,YTSAATL,CAVSESNTGKLIF,EQNLNHDAM,YSQIVNDFQKGDIAEGYS,CASSIRAGYTEAFF,TRAV8-4*01,TRAJ37*01,TRBV19*01,TRBJ1-1*01,RAKFKQLL,HLA-B*08:01,swapped,0,0.035179585
YSNSAFQYF,TYSSGN,CAMTQSNFGNEKLTF,SQNMNHEYM,YSMNVEVTDKGDVPEGYK,CASSSRDEAFF,TRAV12-3*01,TRAJ48*01,TRBV27*01,TRBJ1-1*01,RAKFKQLL,HLA-B*08:01,swapped,0,0.057898484
YSDRGSQSF,IYSNGD,CAVDNYGQNFVF,AQDMNHEYM,YSVGAGITDQGEVPNGYN,CASSYGVLSTDTQYF,TRAV12-2*01,TRAJ26*01,TRBV6-5*01,TRBJ2-3*01,RAKFKQLL,HLA-B*08:01,swapped,0,0.011856394
YSDRGSQSF,IYSNGD,CAVNTLKAAGNKLTF,SQNMNHEYM,YSMNVEVTDKGDVPEGYK,CASSLFSHLIDNYGYTF,TRAV12-2*01,TRAJ17*01,TRBV27*01,TRBJ1-2*01,RAKFKQLL,HLA-B*08:01,true_neg,0,0.005508947
FTDSAIYNL,IQSSQRE,CAVNSGGSNYKLTF,RSLDFQATTM,TSNEGSKATYEQGVEKDKFL,CSARQLAGGAYEQYF,TRAV21*01,TRAJ53*01,TRBV20-1*01,TRBJ2-7*01,RAKFKQLL,HLA-B*08:01,true_neg,0,0.022205798
YETRDTTYYL,RNSFDEQN,CALSEGDGATNKLIF,SPRSGDLSV,QYYNGEERAKGNILERFS,CASSVEGAGDTQYF,TRAV19*01,TRAJ32*01,TRBV9*01,TRBJ2-3*01,RAKFKQLL,HLA-B*08:01,true_neg,0,0.012219556
YDTSENNYYL,QEAYKQQN,CAFMINAGGTSYGKLTF,EQHMGHRAM,VYSYEKLSINESVPSRFS,CASSTSTGTGYGYTF,TRAV38-1*01,TRAJ52*01,TRBV4-1*01,TRBJ1-2*01,RAKFKQLL,HLA-B*08:01,tenx,1,0.34668806
YSNSAFQYF,TYSSGN,CATYLTGNQFYF,KPISGHDYL,YFNNNVPIDDSGMPEDRFS,CASSQALPYEQYF,TRAV12-3*01,TRAJ49*01,TRBV12-4*01,TRBJ2-7*01,RAKFKQLL,HLA-B*08:01,swapped,0,0.016177358
YSTTSDRL,LLSNGAV,CAVDINDMRF,SPISGHRSV,EYFSETQRNKGNFPGRFS,CASRSDGYQTDTQYF,TRAV39*01,TRAJ43*01,TRBV5-1*01,TRBJ2-3*01,RAKFKQLL,HLA-B*08:01,true_neg,0,0.015714247
YSDRGSQSF,IYSNGD,CAVSFYNNNDMRF,RSLDFQATTM,TSNEGSKATYEQGVEKDKFL,CSARGQGSYEQYF,TRAV12-2*01,TRAJ43*01,TRBV20-1*01,TRBJ2-7*01,RAKFKQLL,HLA-B*08:01,true_neg,0,0.0071343197
YETRDTTYYL,RNSFDEQN,CALSSEEKLTF,DPISEHNRL,YFQNEAQLEKSRLLSDRFS,CASSLLGTSAPYEQYF,TRAV19*01,TRAJ48*01,TRBV7-9*01,TRBJ2-7*01,RAKFKQLL,HLA-B*08:01,true_neg,0,0.10316958
HSTISGNEYV,GLKNN,CIVRFGNQFYF,SQNMNHEYM,YSMNVEVTDKGDVPEGYK,CASRWGQSSYEQYF,TRAV26-1*01,TRAJ49*01,TRBV27*01,TRBJ2-7*01,RAKFKQLL,HLA-B*08:01,true_neg,0,0.05407033
YSNSAFQYF,TYSSGN,CAMESQKLLF,RSLDFQATTM,TSNEGSKATYEQGVEKDKFL,CSARGSGGDPTDTQYF,TRAV12-3*01,TRAJ16*01,TRBV20-1*01,TRBJ2-3*01,RAKFKQLL,HLA-B*08:01,tenx,1,0.024702482
HSTISGNEYV,GLKNN,CIVREWDNDMRF,DPISGHVSL,YFQNEAQLDKSGLPSDRFF,CASSPRTGNSGANVLTF,TRAV26-1*01,TRAJ43*01,TRBV7-8*01,TRBJ2-6*01,RAKFKQLL,HLA-B*08:01,tenx,1,0.110997975
FSDSVNNL,IPSGT,CAGSPSNTGKLIF,KPISGHDYL,YFNNNVPIDDSGMPEDRFS,CASGRLSYNEQFF,TRAV22*01,TRAJ37*01,TRBV12-4*01,TRBJ2-1*01,RAKFKQLL,HLA-B*08:01,tenx,1,0.4199358
YQTSGFNGL,NVLDGL,CAVNDARLMF,SQTKGHDRM,YSFDVKDINKGEISDGYS,CATSDLQGDEQFF,TRAV1-2*01,TRAJ31*01,TRBV24-1*01,TRBJ2-1*01,RAKFKQLL,HLA-B*08:01,true_neg,0,0.015700452
YSNSAFQYF,TYSSGN,CAMSGDGGSQGNLIF,VPIKAHSYV,YFQNEELIQKAEIINERFL,CQQQKSYEQYF,TRAV12-3*01,TRAJ42*01,TRBV21-1*01,TRBJ2-7*01,RAKFKQLL,HLA-B*08:01,swapped,0,0.0052800975
YSNSASQSF,VYSSG,CVVNDDMRF,AQDMNHNSM,YSASEGTTDKGEVPNGYN,CASGTAWNTEAFF,TRAV12-1*01,TRAJ43*01,TRBV6-1*01,TRBJ1-1*01,RAKFKQLL,HLA-B*08:01,true_neg,0,0.022416193
YKTSINNL,IRSNERE,CASPSGYSTLTF,AQDMNHEYM,YSVGAGITDQGEVPNGYN,CASSPSPGGQPQHF,TRAV17*01,TRAJ11*01,TRBV6-5*01,TRBJ1-5*01,RAKFKQLL,HLA-B*08:01,true_neg,0,0.018052354
HSTISGNEYV,GLKNN,CIVRVGIDSGYALNF,RSLDFQATTM,TSNEGSKATYEQGVEKDKFL,CSARDYASGRGVGELFF,TRAV26-1*01,TRAJ41*01,TRBV20-1*01,TRBJ2-2*01,RAKFKQLL,HLA-B*08:01,true_neg,0,0.025254507
SSSIFNTW,LYKAGEL,CAGRPEVDSQGNLIF,EQNLNHDAM,YSQIVNDFQKGDIAEGYS,CASSIFSVSNEQYF,TRAV35*01,TRAJ42*01,TRBV19*01,TRBJ2-7*01,RAKFKQLL,HLA-B*08:01,swapped,0,0.0057088127
YSDSASNYF,IRSNVGE,CAARETSYDKVIF,KPISGHNSL,YFNNNVPIDDSGMPEDRFS,CASSLQGGEKLFF,TRAV13-1*01,TRAJ50*01,TRBV12-3*01,TRBJ1-4*01,RAKFKQLL,HLA-B*08:01,tenx,1,0.98383486
YTATGYPSL,ATKADDK,CALSRRF,NPISGHATL,QFQNNGVVDDSQLPKDRFS,CASSPTLGSPAVEQFF,TRAV9-2*01,TRAJ43*01,TRBV11-2*01,TRBJ2-1*01,RAKFKQLL,HLA-B*08:01,true_neg,0,0.039208766
YSYGGTVNL,YFSGDPL,CAVIEYSSASKIIF,VPISNHLYF,SFYNNEISEKSEIFDDQFS,CASSAGLAGTDTQYF,TRAV8-1*01,TRAJ3*01,TRBV2*01,TRBJ2-3*01,RAKFKQLL,HLA-B*08:01,true_neg,0,0.022296498
SSTTLSNI,LVKSGE,CAGCGGSNYKLTF,DPISEHNRL,YFQNEAQLEKSRLLSDRFS,CASSLAQGAITEAFF,TRAV25*01,TRAJ53*01,TRBV7-9*01,TRBJ1-1*01,RAKFKQLL,HLA-B*08:01,true_neg,0,0.19189835
SSSIFNTW,LYKAGEL,CAGGNYGGSQGNLIF,EQNLNHDAM,YSQIVNDFQKGDIAEGYS,CASSIRSDEKLFF,TRAV35*01,TRAJ42*01,TRBV19*01,TRBJ1-4*01,RAKFKQLL,HLA-B*08:01,swapped,0,0.0058834096
YSYSGSPEL,HIS,CAPLNTNAGKSTF,YPIPRHDTV,SFYEKMQSDKGSIPDRFS,CASSERRGNTIYF,TRAV16*01,TRAJ27*01,TRBV13*01,TRBJ1-3*01,RAKFKQLL,HLA-B*08:01,true_neg,0,0.035523582
YDTSESDYYL,QEAYKQQN,CAYRSKETSGSRLTF,SPMKGHSHV,YLQKENIIDESGMPKERFS,CASSPPGGGNTGELFF,TRAV38-2/DV8*01,TRAJ58*01,TRBV18*01,TRBJ2-2*01,RAKFKQLL,HLA-B*08:01,tenx,1,0.34205323
YTNSMFDYF,ISSIKDK,CAANRDFGNEKLTF,DPISEHNRL,YFQNEAQLEKSRLLSDRFS,CASRRAGGDTQYF,TRAV29/DV5*01,TRAJ48*01,TRBV7-9*01,TRBJ2-3*01,RAKFKQLL,HLA-B*08:01,true_neg,0,0.08335034
YSSSVPPYL,YTSAATL,CAVSEDFGNEKLTF,VPISNHLYF,SFYNNEISEKSEIFDDQFS,CASSGGDSYNSPLHF,TRAV8-4*01,TRAJ48*01,TRBV2*01,TRBJ1-6*01,RAKFKQLL,HLA-B*08:01,true_neg,0,0.012146519
HSTISGTDYI,GLTSN,CILDLMEYGNKLVF,EQNLNHDAM,YSQIVNDFQKGDIAEGYS,CASSIRSSYEQYF,TRAV26-2*01,TRAJ47*01,TRBV19*01,TRBJ2-7*01,RAKFKQLL,HLA-B*08:01,swapped,0,0.016234597
SSSVFSSL,VVTGGEV,CAGAVGSSNTGKLIF,SQTMGHDKM,YSYGVNSTEKGDLSSEST,CASSDPGIQETQYF,TRAV27*01,TRAJ37*01,TRBV25-1*01,TRBJ2-5*01,RAKFKQLL,HLA-B*08:01,swapped,0,0.0057652825
YSVSGNPYL,YITGDNL,CAVFDNAGNMLTF,SPISGHTSV,WYDEGEERNRGNFPPRFS,CASSPAGQPNQPQHF,TRAV3*01,TRAJ39*01,TRBV5-8*01,TRBJ1-5*01,RAKFKQLL,HLA-B*08:01,true_neg,0,0.042111184
HSTISGNEYV,GLKNN,CIVFYNQGGKLIF,EQNLNHDAM,YSQIVNDFQKGDIAEGYS,CASSTRSSYEQYF,TRAV26-1*01,TRAJ23*01,TRBV19*01,TRBJ2-7*01,RAKFKQLL,HLA-B*08:01,swapped,0,0.018279236
YEVTNFRSL,LTSSGIE,CAVMRNNDMRF,VQDMDHENM,FSYDVKMKEKGDIPEGYS,CASSLGGFGSYAGELFF,TRAV36/DV7*01,TRAJ43*01,TRBV28*01,TRBJ2-2*01,RAKFKQLL,HLA-B*08:01,true_neg,0,0.017643103
SSSIFNTW,LYKAGEL,CAGHTGNQFYF,NPISGHATL,QFQNNGVVDDSQLPKDRFS,CASSSNQGDNQPQHF,TRAV35*01,TRAJ49*01,TRBV11-2*01,TRBJ1-5*01,RAKFKQLL,HLA-B*08:01,swapped,0,0.058679767
YSDRGSQSF,IYSNGD,CALIDPGSGGGADGLTF,AQDMNHNSM,YSASEGTTDKGEVPNGYN,CASSETQMNTEAFF,TRAV12-2*01,TRAJ45*01,TRBV6-1*01,TRBJ1-1*01,RAKFKQLL,HLA-B*08:01,swapped,0,0.024521869
SSTTLSNI,LVKSGE,CAGQEGQNFVF,EQNLNHDAM,YSQIVNDFQKGDIAEGYS,CASSPRSTDTQYF,TRAV25*01,TRAJ26*01,TRBV19*01,TRBJ2-3*01,RAKFKQLL,HLA-B*08:01,swapped,0,0.013732729
YTATGYPSL,ATKADDK,CALSETSYDKVIF,KPISGHNSL,YFNNNVPIDDSGMPEDRFS,CASSELQGAQDISPLHF,TRAV9-2*01,TRAJ50*01,TRBV12-3*01,TRBJ1-6*01,RAKFKQLL,HLA-B*08:01,tenx,1,0.91610783
YKTSINNL,IRSNERE,CALNTNAGKSTF,EQNLNHDAM,YSQIVNDFQKGDIAEGYS,CASSIDWGTEAFF,TRAV17*01,TRAJ27*01,TRBV19*01,TRBJ1-1*01,RAKFKQLL,HLA-B*08:01,true_neg,0,0.008345114
YTNSMFDYF,ISSIKDK,CAASAQGAQKLVF,DPISEHNRL,YFQNEAQLEKSRLLSDRFS,CASRTTDRPSRYGYTF,TRAV29/DV5*01,TRAJ54*01,TRBV7-9*01,TRBJ1-2*01,RAKFKQLL,HLA-B*08:01,true_neg,0,0.10633886
SSTTLSNI,LVKSGE,CAGSYGGSQGNLIF,EQHLGHNAM,VYSLEERVENNSVPSRFS,CASSQERGGKWAYEQYF,TRAV25*01,TRAJ42*01,TRBV4-3*01,TRBJ2-7*01,RAKFKQLL,HLA-B*08:01,swapped,0,0.009188085
YSNSASDYF,IRSNMDK,CAENPVPSYNTDKLIF,DPISGHDNL,HFVKESKQDESGMPNNRFL,CASSQDPRATDTQYF,TRAV13-2*01,TRAJ34*01,TRBV14*01,TRBJ2-3*01,RAKFKQLL,HLA-B*08:01,true_neg,0,0.0291513
YSNSASQSF,VYSSG,CVVNTYGGRRALTF,EQHLGHNAM,VYNFKEQTENNSVPSRFS,CASTPTVNTEAFF,TRAV12-1*01,TRAJ5*01,TRBV4-2*01,TRBJ1-1*01,RAKFKQLL,HLA-B*08:01,true_neg,0,0.02817237
YKTSINNL,IRSNERE,CATAGGFGNVLHC,YPIPRHDTV,SFYEKMQSDKGSIPDRFS,CASSLMRGGTYNSPLHF,TRAV17*01,TRAJ35*01,TRBV13*01,TRBJ1-6*01,RAKFKQLL,HLA-B*08:01,true_neg,0,0.018688502
YSDRGSQSF,IYSNGD,CAVTTDSWGKLQF,RSLDFQATTM,TSNEGSKATYEQGVEKDKFL,CSARPRTSGSGAGELFF,TRAV12-2*01,TRAJ24*01,TRBV20-1*01,TRBJ2-2*01,RAKFKQLL,HLA-B*08:01,swapped,0,0.014497971
YEVTNFRSL,LTSSGIE,CAVLLPDSGYALNF,EQHLGHNAM,VYSLEERVENNSVPSRFS,CASSQSGLLNEQFF,TRAV36/DV7*01,TRAJ41*01,TRBV4-3*01,TRBJ2-1*01,RAKFKQLL,HLA-B*08:01,true_neg,0,0.019255232
YTVSGLRGL,LYSAGEE,CAVRDEGQGGKLIF,SPRSGDLSV,QYYNGEERAKGNILERFS,CASSTSTGELFF,TRAV20*01,TRAJ23*01,TRBV9*01,TRBJ2-2*01,RAKFKQLL,HLA-B*08:01,true_neg,0,0.014138023
FTDSAIYNL,IQSSQRE,CAVSGGDSNYQLIW,SQTKGHDRM,YSFDVKDINKGEISDGYS,CATSDFSNRQETQYF,TRAV21*01,TRAJ33*01,TRBV24-1*01,TRBJ2-5*01,RAKFKQLL,HLA-B*08:01,true_neg,0,0.021486709
YSYSGSPEL,HIS,CALSVRGNTGNQFYF,NPISGHATL,QFQNNGVVDDSQLPKDRFS,CASSLEGYLAPHNEQFF,TRAV16*01,TRAJ49*01,TRBV11-2*01,TRBJ2-1*01,RAKFKQLL,HLA-B*08:01,true_neg,0,0.0061497865
YKTSINNL,IRSNERE,CATVPTQGGSEKLVF,SQNMNHEYM,YSMNVEVTDKGDVPEGYK,CASSSWTGLYQETQYF,TRAV17*01,TRAJ57*01,TRBV27*01,TRBJ2-5*01,RAKFKQLL,HLA-B*08:01,true_neg,0,0.00954419
HSVSNAYNF,GSKPS,CAVEDRDNYGQNFVF,EQNLNHDAM,YSQIVNDFQKGDIAEGYS,CASSIRSSYEQYF,TRAV2*01,TRAJ26*01,TRBV19*01,TRBJ2-7*01,RAKFKQLL,HLA-B*08:01,swapped,0,0.01850138
FTDSAIYNL,IQSSQRE,CAVDLMKTSYDKVIF,DPISGHTAL,YFQGNSAPDKSGLPSDRFS,CASSARGALAGGSYEQYF,TRAV21*01,TRAJ50*01,TRBV7-2*01,TRBJ2-7*01,RAKFKQLL,HLA-B*08:01,swapped,0,0.043994654
YETRDTTYYL,RNSFDEQN,CALSEAQGNNRLAF,EQNLNHDAM,YSQIVNDFQKGDIAEGYS,CASKAGGDRTEAFF,TRAV19*01,TRAJ7*01,TRBV19*01,TRBJ1-1*01,RAKFKQLL,HLA-B*08:01,true_neg,0,0.021798013
YSDSASNYF,IRSNVGE,CAALGGGRGSTLGRLYF,AQDMNHEYM,YSVGAGITDQGEVPNGYN,CASSYSRGSYNEQFF,TRAV13-1*01,TRAJ18*01,TRBV6-5*01,TRBJ2-1*01,RAKFKQLL,HLA-B*08:01,true_neg,0,0.0572143
YDTSDPSYGL,QGSYDQQN,CAMREPGSNFGNEKLTF,VPISNHLYF,SFYNNEISEKSEIFDDQFS,CASSGQVKAGNTIYF,TRAV14/DV4*01,TRAJ48*01,TRBV2*01,TRBJ1-3*01,RAKFKQLL,HLA-B*08:01,true_neg,0,0.02943171
YQTSGFYGL,NALDGL,CAVRDLYNFNKFYF,EQNLGHDTM,SYNNKELIINETVPNRFS,CASSQPGQGGLSSYEQYF,TRAV1-1*01,TRAJ21*01,TRBV3-1*01,TRBJ2-7*01,RAKFKQLL,HLA-B*08:01,true_neg,0,0.027579095
YSNSASDYF,IRSNMDK,CADSGGGADGLTF,KPISGHNSL,YFNNNVPIDDSGMPEDRFS,CASSFSGNTGELFF,TRAV13-2*01,TRAJ45*01,TRBV12-3*01,TRBJ2-2*01,RAKFKQLL,HLA-B*08:01,tenx,1,0.9943684
YSVGISAL,LSSGK,CAVLGETSGSRLTF,VPISNHLYF,SFYNNEISEKSEIFDDQFS,CASSEHKDNEQFF,TRAV41*01,TRAJ58*01,TRBV2*01,TRBJ2-1*01,RAKFKQLL,HLA-B*08:01,true_neg,0,0.022857163
YQTSGFNGL,NVLDGL,CAVPGYSSASKIIF,SPISGHRSV,EYFSETQRNKGNFPGRFS,CASSDGGGANTGELFF,TRAV1-2*01,TRAJ3*01,TRBV5-1*01,TRBJ2-2*01,RAKFKQLL,HLA-B*08:01,true_neg,0,0.11630861
YDTSDPSYGL,QGSYDQQN,CAMREWTGTASKLTF,EQNLNHDAM,YSQIVNDFQKGDIAEGYS,CASMGVRDSQETQYF,TRAV14/DV4*01,TRAJ44*01,TRBV19*01,TRBJ2-5*01,RAKFKQLL,HLA-B*08:01,true_neg,0,0.010850416
SSSIFNTW,LYKAGEL,CAGPTHDMNYGGSQGNLIF,EQNLNHDAM,YSQIVNDFQKGDIAEGYS,CASSIHSTDTQYF,TRAV35*01,TRAJ42*01,TRBV19*01,TRBJ2-3*01,RAKFKQLL,HLA-B*08:01,swapped,0,0.0049340758
YTATGYPSL,ATKADDK,CAREHMDSNYQLIW,EQHLGHNAM,VYNFKEQTENNSVPSRFS,CASSQRPSEVGELFF,TRAV9-2*01,TRAJ33*01,TRBV4-2*01,TRBJ2-2*01,RAKFKQLL,HLA-B*08:01,tenx,1,0.91089916
YTVSPFSNL,MTFSENT,CVVSPGRGFGNVLHC,EQNLNHDAM,YSQIVNDFQKGDIAEGYS,CASSIAGTYNEQFF,TRAV10*01,TRAJ35*01,TRBV19*01,TRBJ2-1*01,RAKFKQLL,HLA-B*08:01,true_neg,0,0.009642784
YKTSINNL,IRSNERE,CAPLFSGGYNKLIF,SPISGHRSV,EYFSETQRNKGNFPGRFS,CASSLLTGTGEIGDTEAFF,TRAV17*01,TRAJ4*01,TRBV5-1*01,TRBJ1-1*01,RAKFKQLL,HLA-B*08:01,true_neg,0,0.019832913
YTDSSSTYL,IFSNMDM,CAESGGSSASKIIF,EQHMGHRAM,VYSYEKLSINESVPSRFS,CASSQNPGDDEQYF,TRAV5*01,TRAJ3*01,TRBV4-1*01,TRBJ2-7*01,RAKFKQLL,HLA-B*08:01,true_neg,0,0.54057854
YSDRGSQSF,IYSNGD,CAADPGFQKLVF,VPISNHLYF,SFYNNEISEKSEIFDDQFS,CASGMSGGAENEQFF,TRAV12-2*01,TRAJ8*01,TRBV2*01,TRBJ2-1*01,RAKFKQLL,HLA-B*08:01,swapped,0,0.023374734
YSDRGSQSF,IYSNGD,CAVPSGGYNKLIF,EQNLNHDAM,YSQIVNDFQKGDIAEGYS,CASSGTSGGYEQYF,TRAV12-2*01,TRAJ4*01,TRBV19*01,TRBJ2-7*01,RAKFKQLL,HLA-B*08:01,swapped,0,0.006092601
YDTSENNYYL,QEAYKQQN,CAFMTVGRLTF,SSQSGHNTV,QYYREEENGRGNFPPRFS,CASSLYVGGAGTDTQYF,TRAV38-1*01,TRAJ58*01,TRBV5-4*01,TRBJ2-3*01,RAKFKQLL,HLA-B*08:01,true_neg,0,0.03908696
SSSIFNTW,LYKAGEL,CAGRGGNTPLVF,HQTENHRYM,YSYGVKDTDKGEVSDGYS,CAISDGGPHEQYF,TRAV35*01,TRAJ29*01,TRBV10-3*01,TRBJ2-7*01,RAKFKQLL,HLA-B*08:01,true_neg,0,0.06275004
SSSIFNTW,LYKAGEL,CAGPRYAQGAQKLVF,SQNMNHEYM,YSMNVEVTDKGDVPEGYK,CASSFQGLGQPQHF,TRAV35*01,TRAJ54*01,TRBV27*01,TRBJ1-5*01,RAKFKQLL,HLA-B*08:01,swapped,0,0.00991294
YDTSDPSYGL,QGSYDQQN,CAMSPGDTGGFKTIF,YPIPRHDTV,SFYEKMQSDKGSIPDRFS,CASRLEGEDTQYF,TRAV14/DV4*01,TRAJ9*01,TRBV13*01,TRBJ2-3*01,RAKFKQLL,HLA-B*08:01,true_neg,0,0.033834875
FTDSAIYNL,IQSSQRE,CAVDLMKTSYDKVIF,EQHLGHNAM,VYSLEERVENNSVPSRFS,CATRGVYEQFF,TRAV21*01,TRAJ50*01,TRBV4-3*01,TRBJ2-1*01,RAKFKQLL,HLA-B*08:01,swapped,0,0.012925079
FTDSAIYNL,IQSSQRE,CAVRVSL,NPISGHNTL,RYENEEAVDDSQLPKDRFS,CASSSHGAGAYNEQFF,TRAV21*01,TRAJ28*01,TRBV11-3*01,TRBJ2-1*01,RAKFKQLL,HLA-B*08:01,tenx,1,0.030124228
FTDSAIYNL,IQSSQRE,CAVDLMKTSYDKVIF,RSLDFQATTM,TSNEGSKATYEQGVEKDKFL,CSARDRWAGTSTDTQYF,TRAV21*01,TRAJ50*01,TRBV20-1*01,TRBJ2-3*01,RAKFKQLL,HLA-B*08:01,swapped,0,0.013594632
YSVSGNPYL,YITGDNL,CAVRDPDSGYALNF,DPISEHNRL,YFQNEAQLEKSRLLSDRFS,CASSLASISNDGYTF,TRAV3*01,TRAJ41*01,TRBV7-9*01,TRBJ1-2*01,RAKFKQLL,HLA-B*08:01,true_neg,0,0.04288973
FPSSNFYAL,MTLNGDE,CAPDNTDKLIF,EQNLGHDTM,SYNNKELIINETVPNRFS,CASSQVAVRNTEAFF,TRAV24*01,TRAJ34*01,TRBV3-1*01,TRBJ1-1*01,RAKFKQLL,HLA-B*08:01,true_neg,0,0.09003992
YETRDTTYYL,RNSFDEQN,CALSEADLNTDKLIF,DPISSHATL,YFNYEAQPDKSGLPSDRFS,CASSLGTSGSGADTQYF,TRAV19*01,TRAJ34*01,TRBV7-7*01,TRBJ2-3*01,RAKFKQLL,HLA-B*08:01,true_neg,0,0.07369013
YSYGGTVNL,YFSGDPL,CAVNANNARLMF,QVDSQVTMM,TANQGSEATYESGFVIDKFP,CSVDSSGRWFF,TRAV8-1*01,TRAJ31*01,TRBV29-1*01,TRBJ2-1*01,RAKFKQLL,HLA-B*08:01,true_neg,0,0.04846771
YSDRGSQSF,IYSNGD,CAVSQTGANNLFF,VQDMDHENM,FSYDVKMKEKGDIPEGYS,CASSPTGLGSPLHF,TRAV12-2*01,TRAJ36*01,TRBV28*01,TRBJ1-6*01,RAKFKQLL,HLA-B*08:01,swapped,0,0.008103406
YETRDTTYYL,RNSFDEQN,CALSEDTQGGSEKLVF,VQDMDHENM,FSYDVKMKEKGDIPEGYS,CASSGTSGSGGYNEQFF,TRAV19*01,TRAJ57*01,TRBV28*01,TRBJ2-1*01,RAKFKQLL,HLA-B*08:01,true_neg,0,0.022603616
YENTAFDYF,IRPDVSE,CAALRGADGLTF,DPISEHNRL,YFQNEAQLEKSRLLSDRFS,CASSHRTGPKAFF,TRAV23/DV6*01,TRAJ45*01,TRBV7-9*01,TRBJ1-1*01,RAKFKQLL,HLA-B*08:01,true_neg,0,0.23236012
YSVSGNPYL,YITGDNL,CAVRYNTDKLIF,DPISEHNRL,YFQNEAQLEKSRLLSDRFS,CASSLGGGQPQHF,TRAV3*01,TRAJ34*01,TRBV7-9*01,TRBJ1-5*01,RAKFKQLL,HLA-B*08:01,true_neg,0,0.08605701
FTDSAIYNL,IQSSQRE,CAVMGNNARLMF,SQNMNHEYM,YSMNVEVTDKGDVPEGYK,CASSLLRDSHGNEQFF,TRAV21*01,TRAJ31*01,TRBV27*01,TRBJ2-1*01,RAKFKQLL,HLA-B*08:01,true_neg,0,0.014905259
YSVGISAL,LSSGK,CAVLTGNQFYF,DPISGHTAL,YFQGNSAPDKSGLPSDRFS,CASSLDPGSLYNSPLHF,TRAV41*01,TRAJ49*01,TRBV7-2*01,TRBJ1-6*01,RAKFKQLL,HLA-B*08:01,true_neg,0,0.014066261
HSTISGTDYI,GLTSN,CILKETSGSRLTF,RSLDFQATTM,TSNEGSKATYEQGVEKDKFL,CSAAKTRGQAPNQPQHF,TRAV26-2*01,TRAJ58*01,TRBV20-1*01,TRBJ1-5*01,RAKFKQLL,HLA-B*08:01,true_neg,0,0.031485114
YDTSDPSYGL,QGSYDQQN,CAMRESHNDYKLSF,SPISGHRSV,EYFSETQRNKGNFPGRFS,CASSLRDRDLNTEAFF,TRAV14/DV4*01,TRAJ20*01,TRBV5-1*01,TRBJ1-1*01,RAKFKQLL,HLA-B*08:01,true_neg,0,0.041264527
YSNSASDYF,IRSNMDK,CAENEGGGSQGNLIF,EQNLNHDAM,YSQIVNDFQKGDIAEGYS,CASSLYASYEQYF,TRAV13-2*01,TRAJ42*01,TRBV19*01,TRBJ2-7*01,RAKFKQLL,HLA-B*08:01,swapped,0,0.011767189
YTDSSSTYL,IFSNMDM,CAESPVSGGYNKLIF,RSLDFQATTM,TSNEGSKATYEQGVEKDKFL,CSASTYQGAVGQPQHF,TRAV5*01,TRAJ4*01,TRBV20-1*01,TRBJ1-5*01,RAKFKQLL,HLA-B*08:01,true_neg,0,0.01560386
YDTSESDYYL,QEAYKQQN,CAYRRGDDKIIF,RSLDFQATTM,TSNEGSKATYEQGVEKDKFL,CSATLRWANTEAFF,TRAV38-2/DV8*01,TRAJ30*01,TRBV20-1*01,TRBJ1-1*01,RAKFKQLL,HLA-B*08:01,true_neg,0,0.043506715
YDTSESDYYL,QEAYKQQN,CAYSPAAGGTSYGKLTF,NPISGHATL,QFQNNGVVDDSQLPKDRFS,CASSWGGGSHYGYTF,TRAV38-2/DV8*01,TRAJ52*01,TRBV11-2*01,TRBJ1-2*01,RAKFKQLL,HLA-B*08:01,swapped,0,0.007346443
YETRDTTYYL,RNSFDEQN,CALSEAGYSGAGSYQLTF,SQNMNHEYM,YSMNVEVTDKGDVPEGYK,CASSLSADHYGYTF,TRAV19*01,TRAJ28*01,TRBV27*01,TRBJ1-2*01,RAKFKQLL,HLA-B*08:01,true_neg,0,0.023814937
YSVSGNPYL,YITGDNL,CALRGGDMRF,SQNMNHEYM,YSMNVEVTDKGDVPEGYK,CASSLSTPAGDTQYF,TRAV3*01,TRAJ43*01,TRBV27*01,TRBJ2-3*01,RAKFKQLL,HLA-B*08:01,true_neg,0,0.03609935
YDTSESDYYL,QEAYKQQN,CAYVGGSQGNLIF,KPISGHNSL,YFNNNVPIDDSGMPEDRFS,CASSFSGNTGELFF,TRAV38-2/DV8*01,TRAJ42*01,TRBV12-3*01,TRBJ2-2*01,RAKFKQLL,HLA-B*08:01,tenx,1,0.87724113
YDTSDPSYGL,QGSYDQQN,CAMREPYNNAGNMLTF,SPISGHRSV,EYFSETQRNKGNFPGRFS,CASSHPGGSFTGELFF,TRAV14/DV4*01,TRAJ39*01,TRBV5-1*01,TRBJ2-2*01,RAKFKQLL,HLA-B*08:01,true_neg,0,0.014639407
YKTSINNL,IRSNERE,CATDWRGSTLGRLYF,EQHLGHNAM,VYSLEERVENNSVPSRFS,CASSLLDGGNTDTQYF,TRAV17*01,TRAJ18*01,TRBV4-3*01,TRBJ2-3*01,RAKFKQLL,HLA-B*08:01,true_neg,0,0.07212563
HSTISGNEYV,GLKNN,CIVRVANTDKLIF,SQNMNHEYM,YSMNVEVTDKGDVPEGYK,CASSLGFTDTQYF,TRAV26-1*01,TRAJ34*01,TRBV27*01,TRBJ2-3*01,RAKFKQLL,HLA-B*08:01,swapped,0,0.017818432
YSNSASDYF,IRSNMDK,CADLNSGGGADGLTF,EQHLGHNAM,VYNFKEQTENNSVPSRFS,CASSQGTGGTEAFF,TRAV13-2*01,TRAJ45*01,TRBV4-2*01,TRBJ1-1*01,RAKFKQLL,HLA-B*08:01,true_neg,0,0.4606093
YDTSDPSYGL,QGSYDQQN,CAMREGGGGSYQLTF,SPRSGDLSV,QYYNGEERAKGNILERFS,CASSVGRERANTEAFF,TRAV14/DV4*01,TRAJ28*01,TRBV9*01,TRBJ1-1*01,RAKFKQLL,HLA-B*08:01,true_neg,0,0.013065092
YSVSGNPYL,YITGDNL,CAVRDKYNDMRF,SPRSGDLSV,QYYNGEERAKGNILERFS,CASSVGGGNEQFF,TRAV3*01,TRAJ43*01,TRBV9*01,TRBJ2-1*01,RAKFKQLL,HLA-B*08:01,true_neg,0,0.045620993
YSDRGSQSF,IYSNGD,CAPSGGGADGLTF,KPISGHNSL,YFNNNVPIDDSGMPEDRFS,CASSSDEHENIQYF,TRAV12-2*01,TRAJ45*01,TRBV12-3*01,TRBJ2-4*01,RAKFKQLL,HLA-B*08:01,swapped,0,0.46566495
YSDRGSQSF,IYSNGD,CALALGGGSQGNLIF,EQNLNHDAM,YSQIVNDFQKGDIAEGYS,CASSGRATDTQYF,TRAV12-2*01,TRAJ42*01,TRBV19*01,TRBJ2-3*01,RAKFKQLL,HLA-B*08:01,swapped,0,0.0029293848
SSTTLSNI,LVKSGE,CAGRETSGSRLTF,RSLDFQATTM,TSNEGSKATYEQGVEKDKFL,CSARDPQITGYKQPQHF,TRAV25*01,TRAJ58*01,TRBV20-1*01,TRBJ1-5*01,RAKFKQLL,HLA-B*08:01,true_neg,0,0.011641977
HSTISGTDYI,GLTSN,CSPHNSGAGSYQLTF,SPISGHRSV,EYFSETQRNKGNFPGRFS,CASSLGLAGVNEQFF,TRAV26-2*01,TRAJ28*01,TRBV5-1*01,TRBJ2-1*01,RAKFKQLL,HLA-B*08:01,true_neg,0,0.09801032
YSDRGSQSF,IYSNGD,CAVSGNAGNMLTF,DPISEHNRL,YFQNEAQLEKSRLLSDRFS,CASSLAPGQGLYEQYF,TRAV12-2*01,TRAJ39*01,TRBV7-9*01,TRBJ2-7*01,RAKFKQLL,HLA-B*08:01,true_neg,0,0.011843683
YTDSSSTYL,IFSNMDM,CAEDNNARLMF,EQNLNHDAM,YSQIVNDFQKGDIAEGYS,CASSSFLLSEQYF,TRAV5*01,TRAJ31*01,TRBV19*01,TRBJ2-7*01,RAKFKQLL,HLA-B*08:01,swapped,0,0.008651864
YQSSYSTFL,SSENQE,CARNTGNQF,RSLDFQATTM,TSNEGSKATYEQGVEKDKFL,CACSLRSQGTDTQYF,TRAV18,TRAJ49,TRBV20,TRBJ2-3,RAKFKQLL,HLA-B*08:01,swapped,0,0.015740698
YKTSINNL,IRSNERE,CATDGETSGSRLTF,SPRSGDLSV,QYYNGEERAKGNILERFS,CASSVAYYLGENTGELFF,TRAV17*01,TRAJ58*01,TRBV9*01,TRBJ2-2*01,RAKFKQLL,HLA-B*08:01,tenx,1,0.017463114
SSSIFNTW,LYKAGEL,CAGHTGNQFYF,QVDSQVTMM,TANQGSEATYESGFVIDKFP,CSVGSGEDSPQYF,TRAV35*01,TRAJ49*01,TRBV29-1*01,TRBJ2-3*01,RAKFKQLL,HLA-B*08:01,swapped,0,0.8761549
SSSVFSSL,VVTGGEV,CAGAPHNNDMRF,VQDMDHENM,FSYDVKMKEKGDIPEGYS,CASSLSGLAGRPYNEQFF,TRAV27*01,TRAJ43*01,TRBV28*01,TRBJ2-1*01,RAKFKQLL,HLA-B*08:01,true_neg,0,0.032301072
SSSIFNTW,LYKAGEL,CAGQLFSNYQLIW,SQTKGHDRM,YSFDVKDINKGEISDGYS,CATSVPAEETQYF,TRAV35*01,TRAJ33*01,TRBV24-1*01,TRBJ2-5*01,RAKFKQLL,HLA-B*08:01,true_neg,0,0.048719395
YTDSSSTYL,IFSNMDM,CAENPGNTGKLIF,EQNLNHDAM,YSQIVNDFQKGDIAEGYS,CASSIDGYEQYF,TRAV5*01,TRAJ37*01,TRBV19*01,TRBJ2-7*01,RAKFKQLL,HLA-B*08:01,true_neg,0,0.011386961
FTDSAIYNL,IQSSQRE,CAVRPGQNFVF,DPISEHNRL,YFQNEAQLEKSRLLSDRFS,CASSPPGDEQYF,TRAV21*01,TRAJ26*01,TRBV7-9*01,TRBJ2-7*01,RAKFKQLL,HLA-B*08:01,true_neg,0,0.03359119
YSNSASQSF,VYSSG,CVVKRSSNTGKLIF,SPRSGDLSV,QYYNGEERAKGNILERFS,CASSAGDWISDNSPLHF,TRAV12-1*01,TRAJ37*01,TRBV9*01,TRBJ1-6*01,RAKFKQLL,HLA-B*08:01,swapped,0,0.0063992525
YSNSASQSF,VYSSG,CVVNRWASGTYKYIF,EQNLNHDAM,YSQIVNDFQKGDIAEGYS,CASSARSSYEQYF,TRAV12-1*01,TRAJ40*01,TRBV19*01,TRBJ2-7*01,RAKFKQLL,HLA-B*08:01,swapped,0,0.007109099
FTDSAIYNL,IQSSQRE,CAVWATTYSGGGADGLTF,VPISNHLYF,SFYNNEISEKSEIFDDQFS,CASSVAGGGYEQYF,TRAV21*01,TRAJ45*01,TRBV2*01,TRBJ2-7*01,RAKFKQLL,HLA-B*08:01,true_neg,0,0.05800897
YSSSYSPSL,YTSAATL,CVVTLWAAGNKLTF,VQDMDHENM,FSYDVKMKEKGDIPEGYS,CASSPRQGAVNQPQHF,TRAV8-2*01,TRAJ17*01,TRBV28*01,TRBJ1-5*01,RAKFKQLL,HLA-B*08:01,true_neg,0,0.0040427092
SSSVFSSL,VVTGGEV,CAGGGSQGNLIF,RSLDFQATTM,TSNEGSKATYEQGVEKDKFL,CSAPRGSGTIDTQYF,TRAV27*01,TRAJ42*01,TRBV20-1*01,TRBJ2-3*01,RAKFKQLL,HLA-B*08:01,swapped,0,0.013051705
YSYGGTVNL,YFSGDPL,CAVLRSTGTASKLTF,SPISGHRSV,EYFSETQRNKGNFPGRFS,CASSSLLADYNEQFF,TRAV8-1*01,TRAJ44*01,TRBV5-1*01,TRBJ2-1*01,RAKFKQLL,HLA-B*08:01,true_neg,0,0.035158403
YDTSDPSYGL,QGSYDQQN,CAMREEGMDSNYQLIW,EQNLNHDAM,YSQIVNDFQKGDIAEGYS,CASSIFSGKPQHF,TRAV14/DV4*01,TRAJ33*01,TRBV19*01,TRBJ1-5*01,RAKFKQLL,HLA-B*08:01,swapped,0,0.018397415
YSDRGSQSF,IYSNGD,CAVITPSGGSYIPTF,SPKSGHDTV,QYYEEEERQRGNFPDRFS,CASSSHLRDSFNSPLHF,TRAV12-2*01,TRAJ6*01,TRBV5-6*01,TRBJ1-6*01,RAKFKQLL,HLA-B*08:01,true_neg,0,0.049584042
YDTSESDYYL,QEAYKQQN,CAYRSLYALNF,EQNLNHDAM,YSQIVNDFQKGDIAEGYS,CASSSGTGGYNSPLHF,TRAV38-2/DV8*01,TRAJ41*01,TRBV19*01,TRBJ1-6*01,RAKFKQLL,HLA-B*08:01,swapped,0,0.0061803856
SSSVFSSL,VVTGGEV,CAGAHGSSNTGKLIF,EQNLNHDAM,YSQIVNDFQKGDIAEGYS,CASSMDRGSADTQYF,TRAV27*01,TRAJ37*01,TRBV19*01,TRBJ2-3*01,RAKFKQLL,HLA-B*08:01,swapped,0,0.011863118
YDTSENNYYL,QEAYKQQN,CAFMKRVTGNQFYF,YPIPRHDTV,SFYEKMQSDKGSIPDRFS,CASSSPGQGAEQYF,TRAV38-1*01,TRAJ49*01,TRBV13*01,TRBJ2-7*01,RAKFKQLL,HLA-B*08:01,true_neg,0,0.023927364
YQTSGFNGL,NVLDGL,CAPEEDSSYKLIF,SPKSGHDTV,QYYEEEERQRGNFPDRFS,CASSPGDTANTEAFF,TRAV1-2*01,TRAJ12*01,TRBV5-6*01,TRBJ1-1*01,RAKFKQLL,HLA-B*08:01,true_neg,0,0.2822542
YSSSVPPYL,YTSAATL,CAVSDGENARLMF,EQNLNHDAM,YSQIVNDFQKGDIAEGYS,CASSIRSSYEQYF,TRAV8-4*01,TRAJ31*01,TRBV19*01,TRBJ2-7*01,RAKFKQLL,HLA-B*08:01,swapped,0,0.008687643
HSTISGTDYI,GLTSN,CILSIQGGSEKLVF,EQNLNHDAM,YSQIVNDFQKGDIAEGYS,CASSPRSSQPQHF,TRAV26-2*01,TRAJ57*01,TRBV19*01,TRBJ1-5*01,RAKFKQLL,HLA-B*08:01,swapped,0,0.0077956417
YDTSDPSYGL,QGSYDQQN,CAMRDFEDSGNTPLVF,EQNLNHDAM,YSQIVNDFQKGDIAEGYS,CASSTYSRDTQYF,TRAV14/DV4*02,TRAJ29*01,TRBV19*01,TRBJ2-3*01,RAKFKQLL,HLA-B*08:01,swapped,0,0.0053946837
YSNSASDYF,IRSNMDK,CAENSLNEKLTF,DPISEHNRL,YFQNEAQLEKSRLLSDRFS,CASSFLSGTREQYF,TRAV13-2*01,TRAJ48*01,TRBV7-9*01,TRBJ2-7*01,RAKFKQLL,HLA-B*08:01,true_neg,0,0.42607054
YSDRGSQSF,IYSNGD,CAVGGGADGLTF,SQNMNHEYM,YSMNVEVTDKGDVPEGYK,CASSPAALSGAYEQYF,TRAV12-2*01,TRAJ45*01,TRBV27*01,TRBJ2-7*01,RAKFKQLL,HLA-B*08:01,swapped,0,0.037997205
YETRDTTYYL,RNSFDEQN,CALSEAGGNTPLVF,SPKSGHDTV,QYYEEEERQRGNFPDRFS,CASSPQNTDTQYF,TRAV19*01,TRAJ29*01,TRBV5-6*01,TRBJ2-3*01,RAKFKQLL,HLA-B*08:01,true_neg,0,0.09231528
YTVSGLRGL,LYSAGEE,CAVQVNDYKLSF,SQTKGHDRM,YSFDVKDINKGEISDGYS,CATSDLYSNQPQHF,TRAV20*01,TRAJ20*01,TRBV24-1*01,TRBJ1-5*01,RAKFKQLL,HLA-B*08:01,true_neg,0,0.02041529
YDTSESDYYL,QEAYKQQN,CAYQRGAQKLVF,KPISGHDYL,YFNNNVPIDDSGMPEDRFS,CASSFPLNF,TRAV38-2/DV8*01,TRAJ54*01,TRBV12-4*01,TRBJ2-3*01,RAKFKQLL,HLA-B*08:01,true_neg,0,0.086321145
YSYGGTVNL,YFSGDPL,CAVRGGSYIPTF,TVEGTSNPNL,YSVGIGQISSEVPQNLS,CAWYRDGDYEQYF,TRAV8-1*01,TRAJ6*01,TRBV30*01,TRBJ2-7*01,RAKFKQLL,HLA-B*08:01,true_neg,0,0.019175947
YETRDTTYYL,RNSFDEQN,CALSEAGSNDYKLSF,VQDMDHENM,FSYDVKMKEKGDIPEGYS,CASSLRMPDRMNQPQHF,TRAV19*01,TRAJ20*01,TRBV28*01,TRBJ1-5*01,RAKFKQLL,HLA-B*08:01,true_neg,0,0.009122445
YSDRGSQSF,IYSNGD,CAVPQAGTALIF,EQNLNHDAM,YSQIVNDFQKGDIAEGYS,CASSPGALNTEAFF,TRAV12-2*01,TRAJ15*01,TRBV19*01,TRBJ1-1*01,RAKFKQLL,HLA-B*08:01,swapped,0,0.00441926
YQTSGFNGL,NVLDGL,CAVRVSSWGKLQF,SQTKGHDRM,YSFDVKDINKGEISDGYS,CATSDSSRTANTGELFF,TRAV1-2*01,TRAJ24*01,TRBV24-1*01,TRBJ2-2*01,RAKFKQLL,HLA-B*08:01,true_neg,0,0.046599958
YENTAFDYF,IRPDVSE,CAATNFGNEKLTF,QPILGHNTV,YFRNRAPLDDSGMPKDRFS,CASGPTGTGDTEAFF,TRAV23/DV6*01,TRAJ48*01,TRBV12-5*01,TRBJ1-1*01,RAKFKQLL,HLA-B*08:01,true_neg,0,0.43045783
YSNSASDYF,IRSNMDK,CARSRNKQGGIFFF,SQNMNHEYM,YSMNVEVTDKGDVPEGYK,CASSLMGQGINQPQHF,TRAV13-2:01,TRAJ3:01,TRBV27:01,TRBJ1-5:01,RAKFKQLL,HLA-B*08:01,swapped,0,0.02390204
YSVSGNPYL,YITGDNL,CAVRPDGGSQGNLIF,KPISGHNSL,YFNNNVPIDDSGMPEDRFS,CASSLGRDSRYYEQYF,TRAV3*01,TRAJ42*01,TRBV12-3*01,TRBJ2-7*01,RAKFKQLL,HLA-B*08:01,true_neg,0,0.088267624
YTNSMFDYF,ISSIKDK,CAASAGNQFYF,EQHLGHNAM,VYNFKEQTENNSVPSRFS,CASSQGTGVGKNYGYTF,TRAV29/DV5*01,TRAJ49*01,TRBV4-2*01,TRBJ1-2*01,RAKFKQLL,HLA-B*08:01,true_neg,0,0.103958175
FSDSVNNL,IPSGT,CAVLGGGADGLTF,EQNLNHDAM,YSQIVNDFQKGDIAEGYS,CASSIWTSDQPQHF,TRAV22*01,TRAJ45*01,TRBV19*01,TRBJ1-5*01,RAKFKQLL,HLA-B*08:01,swapped,0,0.02431355
YSDSASNYF,IRSNVGE,CAAKEGYSTLTF,SPRSGDLSV,QYYNGEERAKGNILERFS,CASSEGDRVTEAFF,TRAV13-1*01,TRAJ11*01,TRBV9*01,TRBJ1-1*01,RAKFKQLL,HLA-B*08:01,swapped,0,0.12749708
YSNSAFQYF,TYSSGN,CAMSGEGGSQGNLIF,TVEGTSNPNL,YSVGIGQISSEVPQNLS,CATNGRGGYYNEQFF,TRAV12-3*01,TRAJ42*01,TRBV30*01,TRBJ2-1*01,RAKFKQLL,HLA-B*08:01,swapped,0,0.007767101
YQTSGFYGL,NALDGL,CAETNAGKSTF,AQDMNHEYM,YSVGEGTTAKGEVPDGYN,CASSDSDSGANVLTF,TRAV1-1*01,TRAJ27*01,TRBV6-3*01,TRBJ2-6*01,RAKFKQLL,HLA-B*08:01,true_neg,0,0.0881905
HSTISGNEYV,GLKNN,CIVRDLDNYGQNFVF,SPRSGDLSV,QYYNGEERAKGNILERFS,CASSAGTGVSPLHF,TRAV26-1*01,TRAJ26*01,TRBV9*01,TRBJ1-6*01,RAKFKQLL,HLA-B*08:01,true_neg,0,0.012338689
YEVTNFRSL,LTSSGIE,CAVADMEYGNKLVF,EQNLNHDAM,YSQIVNDFQKGDIAEGYS,CASSTGTLYGYTF,TRAV36/DV7*01,TRAJ47*01,TRBV19*01,TRBJ1-2*01,RAKFKQLL,HLA-B*08:01,swapped,0,0.009316603
SSSVFSSL,VVTGGEV,CAASNPNGKLTF,EQNLNHDAM,YSQIVNDFQKGDIAEGYS,CASSVRSSYEQYF,TRAV27*01,TRAJ48*01,TRBV19*01,TRBJ2-7*01,RAKFKQLL,HLA-B*08:01,swapped,0,0.0137229385
YSSSVSVYL,YLSGSTL,CAVSEPSGAGSYQLTF,HQTENHRYM,YSYGVKDTDKGEVSDGYS,CAISRGNEQYF,TRAV8-6*01,TRAJ28*01,TRBV10-3*01,TRBJ2-7*01,RAKFKQLL,HLA-B*08:01,swapped,0,0.03475056
YSNSASQSF,VYSSG,CVVIMANTGGFKTIF,HQTENHRYM,YSYGVKDTDKGEVSDGYS,CAISEDRLSNTEAFF,TRAV12-1*01,TRAJ9*01,TRBV10-3*01,TRBJ1-1*01,RAKFKQLL,HLA-B*08:01,true_neg,0,0.014870591
YSDSASNYF,IRSNVGE,CAASPAGTALIF,EQNLGHDTM,SYNNKELIINETVPNRFS,CASSHQGASVDNEQFF,TRAV13-1*01,TRAJ15*01,TRBV3-1*01,TRBJ2-1*01,RAKFKQLL,HLA-B*08:01,true_neg,0,0.0974612
YSNSASQSF,VYSSG,CVVNHNTDKLIF,DPISGHDNL,HFVKESKQDESGMPNNRFL,CASSQVVRENGYEQYF,TRAV12-1*01,TRAJ34*01,TRBV14*01,TRBJ2-7*01,RAKFKQLL,HLA-B*08:01,true_neg,0,0.018696448
YSSSVSVYL,YLSGSTL,CAVIPISGGSYIPTF,AQDMNHNSM,YSASEGTTDKGEVPNGYN,CASSEYVRGLGYEQYF,TRAV8-6*01,TRAJ6*01,TRBV6-1*01,TRBJ2-7*01,RAKFKQLL,HLA-B*08:01,true_neg,0,0.0076296465
YSNSASDYF,IRSNMDK,CAETHSGGSNYKLTF,SPKSGHDTV,QYYEEEERQRGNFPDRFS,CASSLRDGSEAFF,TRAV13-2*01,TRAJ53*01,TRBV5-6*01,TRBJ1-1*01,RAKFKQLL,HLA-B*08:01,tenx,1,0.9769603
YSDRGSQSF,IYSNGD,CAVGAGRRALTF,AQDMNHNSM,YSASEGTTDKGEVPNGYN,CATALGDSYEQYF,TRAV12-2*01,TRAJ5*01,TRBV6-1*01,TRBJ2-7*01,RAKFKQLL,HLA-B*08:01,swapped,0,0.016255787
YETRDTTYYL,RNSFDEQN,CALSGVFNDYKLSF,DPISGHTAL,YFQGTGAADDSGLPNDRFF,CASSPGTTEAFF,TRAV19*01,TRAJ20*01,TRBV7-3*01,TRBJ1-1*01,RAKFKQLL,HLA-B*08:01,true_neg,0,0.1070318
YKTSINNL,IRSNERE,CATAHMDSSYKLIF,SSQSGHNTV,QYYREEENGRGNFPPRFS,CASQGEGLENEQFF,TRAV17*01,TRAJ12*01,TRBV5-4*01,TRBJ2-1*01,RAKFKQLL,HLA-B*08:01,true_neg,0,0.03174188
HNNIATNDYI,GYKTK,CLVGDMRRRDDKIIF,EQNLNHDAM,YSQIVNDFQKGDIAEGYS,CASSSPGLRPFLSYNEQFF,TRAV4*01,TRAJ30*01,TRBV19*01,TRBJ2-1*01,RAKFKQLL,HLA-B*08:01,true_neg,0,0.005106998
YSYGATPYL,YFSGDTL,CAVGTARLMF,SPKSGHDTV,QYYEEEERQRGNFPDRFS,CASSLRDGSEAFF,TRAV8-3*01,TRAJ31*01,TRBV5-6*01,TRBJ1-1*01,RAKFKQLL,HLA-B*08:01,tenx,1,0.8600749
HNNIATNDYI,GYKTK,CLVGDPGRGGYNKLIF,VPISNHLYF,SFYNNEISEKSEIFDDQFS,CASTEQGGNSGNTIYF,TRAV4*01,TRAJ4*01,TRBV2*01,TRBJ1-3*01,RAKFKQLL,HLA-B*08:01,true_neg,0,0.012855366
FTDSAIYNL,IQSSQRE,CAVRNQGGSEKLVF,EQNLNHDAM,YSQIVNDFQKGDIAEGYS,CASSLGAYGYTF,TRAV21*01,TRAJ57*01,TRBV19*01,TRBJ1-2*01,RAKFKQLL,HLA-B*08:01,swapped,0,0.007790038
YSYGATPYL,YFSGDTL,CAVGDNFNKFYF,DPISEHNRL,YFQNEAQLEKSRLLSDRFS,CASSPLGGPKDTIYF,TRAV8-3*01,TRAJ21*01,TRBV7-9*01,TRBJ1-3*01,RAKFKQLL,HLA-B*08:01,tenx,1,0.55872214
YDTSENNYYL,QEAYKQQN,CAFMRETSGSRLTF,EQHLGHNAM,VYSLEERVENNSVPSRFS,CASSQEEAVSYEQYF,TRAV38-1*01,TRAJ58*01,TRBV4-3*01,TRBJ2-7*01,RAKFKQLL,HLA-B*08:01,true_neg,0,0.012300423
YSDRGSQSF,IYSNGD,CAVNKDFNKFYF,AQDMNHEYM,YSVGEGTTAKGEVPDGYN,CASSAGGSNEQFF,TRAV12-2*01,TRAJ21*01,TRBV6-3*01,TRBJ2-1*01,RAKFKQLL,HLA-B*08:01,swapped,0,0.023191458
YETRDTTYYL,RNSFDEQN,CALSVYNQGGKLIF,DPISGHVSL,YFQNEAQLDKSGLPSDRFF,CASSLETPQPQHF,TRAV19*01,TRAJ23*01,TRBV7-8*01,TRBJ1-5*01,RAKFKQLL,HLA-B*08:01,true_neg,0,0.005076333
YSNSASQSF,VYSSG,CVGNTGNQFYF,VPISNHLYF,SFYNNEISEKSEIFDDQFS,CASILMVEGTGNTIYF,TRAV12-1*01,TRAJ49*01,TRBV2*01,TRBJ1-3*01,RAKFKQLL,HLA-B*08:01,true_neg,0,0.010076897
FTDSAIYNL,IQSSQRE,CAVAFQAGSYQLTF,HQTENHRYM,YSYGVKDTDKGEVSDGYS,CAISPTVTGTEAFF,TRAV21*01,TRAJ28*01,TRBV10-3*01,TRBJ1-1*01,RAKFKQLL,HLA-B*08:01,true_neg,0,0.013224052
SSSIFNTW,LYKAGEL,CAGTGFQKLVF,KPISGHDYL,YFNNNVPIDDSGMPEDRFS,CASSLGDRPSTDTQYF,TRAV35*01,TRAJ8*01,TRBV12-4*01,TRBJ2-3*01,RAKFKQLL,HLA-B*08:01,swapped,0,0.17914459
FTDSAIYNL,IQSSQRE,CAVNPPTGANNLFF,SQTMGHDKM,YSYGVNSTEKGDLSSEST,CASRTGQGGDGYTF,TRAV21*01,TRAJ36*01,TRBV25-1*01,TRBJ1-2*01,RAKFKQLL,HLA-B*08:01,true_neg,0,0.01584429
YSNSASDYF,IRSNMDK,CAENTGGGSQGNLIF,EQNLNHDAM,YSQIVNDFQKGDIAEGYS,CASSWRSTDTQYF,TRAV13-2*01,TRAJ42*01,TRBV19*01,TRBJ2-3*01,RAKFKQLL,HLA-B*08:01,swapped,0,0.006865409
SSTTLSNI,LVKSGE,CAGRGGGATNKLIF,AQDMNHEYM,YSVGAGITDQGEVPNGYN,CASSLGSATTSFPYEQYF,TRAV25*01,TRAJ32*01,TRBV6-5*01,TRBJ2-7*01,RAKFKQLL,HLA-B*08:01,true_neg,0,0.011765653
SSSVFSSL,VVTGGEV,CAGDGGGGSQGNLIF,EQNLNHDAM,YSQIVNDFQKGDIAEGYS,CASSIRSTGELFF,TRAV27*01,TRAJ42*01,TRBV19*01,TRBJ2-2*01,RAKFKQLL,HLA-B*08:01,swapped,0,0.008781832
YTNSMFDYF,ISSIKDK,CAARLGADGLTF,EQNLGHDTM,SYNNKELIINETVPNRFS,CASSQYRGTDTQYF,TRAV29/DV5*01,TRAJ45*01,TRBV3-1*01,TRBJ2-3*01,RAKFKQLL,HLA-B*08:01,true_neg,0,0.21503241
YDTSDPSYGL,QGSYDQQN,CAMRGSETSGSRLTF,SPRSGDLSV,QYYNGEERAKGNILERFS,CASSRSQGPNEQFF,TRAV14/DV4*01,TRAJ58*01,TRBV9*01,TRBJ2-1*01,RAKFKQLL,HLA-B*08:01,true_neg,0,0.009371506
YQTSGFYGL,NALDGL,CAVGGNKLTF,EQNLGHDTM,SYNNKELIINETVPNRFS,CASSQGGKAYEQYF,TRAV1-1*01,TRAJ17*01,TRBV3-1*01,TRBJ2-7*01,RAKFKQLL,HLA-B*08:01,true_neg,0,0.033868324
SSSIFNTW,LYKAGEL,CAGRDGGSQGNLIF,SPKSGHDTV,QYYEEEERQRGNFPDRFS,CASSSRSRQYRGSSYEQYF,TRAV35*01,TRAJ42*01,TRBV5-6*01,TRBJ2-7*01,RAKFKQLL,HLA-B*08:01,swapped,0,0.03606322
YSDRGSQSF,IYSNGD,CAASQGSGNTGKLIF,EQNLNHDAM,YSQIVNDFQKGDIAEGYS,CASSQRSSYEQYF,TRAV12-2*01,TRAJ37*01,TRBV19*01,TRBJ2-7*01,RAKFKQLL,HLA-B*08:01,swapped,0,0.0046657403
YSYGATPYL,YFSGDTL,CAVAFGNQFYF,SQNMNHEYM,YSMNVEVTDKGDVPEGYK,CASSMTSGALYNEQFF,TRAV8-3*01,TRAJ49*01,TRBV27*01,TRBJ2-1*01,RAKFKQLL,HLA-B*08:01,swapped,0,0.013784649
YDTSESDYYL,QEAYKQQN,CAYREGGSQGNLIF,DPISEHNRL,YFQNEAQLEKSRLLSDRFS,CASSLTQGIYNEQFF,TRAV38-2/DV8*01,TRAJ42*01,TRBV7-9*01,TRBJ2-1*01,RAKFKQLL,HLA-B*08:01,tenx,1,0.03110679
YSTTSDRL,LLSNGAV,CAVIPYNTDKLIF,EQHMGHRAM,VYSYEKLSINESVPSRFS,CASSQGRWDEKLFF,TRAV39*01,TRAJ34*01,TRBV4-1*01,TRBJ1-4*01,RAKFKQLL,HLA-B*08:01,true_neg,0,0.2600916
YSDRGSQSF,IYSNGD,CAVNEGGGSQGNLIF,EQNLNHDAM,YSQIVNDFQKGDIAEGYS,CASSPRSSYEQYF,TRAV12-2*01,TRAJ42*01,TRBV19*01,TRBJ2-7*01,RAKFKQLL,HLA-B*08:01,swapped,0,0.0060083433
YTDSSSTYL,IFSNMDM,CAEGQTDKLIF,SPRSGDLSV,QYYNGEERAKGNILERFS,CASSVGNEQFF,TRAV5*01,TRAJ34*01,TRBV9*01,TRBJ2-1*01,RAKFKQLL,HLA-B*08:01,swapped,0,0.018880937
YSDRGSQSF,IYSNGD,CAVNSGNQFYF,SQNMNHEYM,YSMNVEVTDKGDVPEGYK,CASRPTGMGQPQHF,TRAV12-2*01,TRAJ49*01,TRBV27*01,TRBJ2-5*01,RAKFKQLL,HLA-B*08:01,swapped,0,0.004832889
YSDSASNYF,IRSNVGE,CAASETSYDKVIF,KPISGHNSL,YFNNNVPIDDSGMPEDRFS,CASRPTGDYGYTF,TRAV13-1*01,TRAJ50*01,TRBV12-3*01,TRBJ1-2*01,RAKFKQLL,HLA-B*08:01,tenx,1,0.98713475
YSNSASDYF,IRSNMDK,CAENLGGGSQGNLIF,EQNLNHDAM,YSQIVNDFQKGDIAEGYS,CASSIRAASYNEQFF,TRAV13-2*01,TRAJ42*01,TRBV19*01,TRBJ2-1*01,RAKFKQLL,HLA-B*08:01,swapped,0,0.0072155483
HSTISGTDYI,GLTSN,CILKSGYSTLTF,EQHMGHRAM,VYSYEKLSINESVPSRFS,CASSPSDSDRANEQFF,TRAV26-2*01,TRAJ11*01,TRBV4-1*01,TRBJ2-1*01,RAKFKQLL,HLA-B*08:01,true_neg,0,0.28204173
HSTISGNEYV,GLKNN,CIVRGFSNSGYALNF,EQNLNHDAM,YSQIVNDFQKGDIAEGYS,CASSIYSRGDEQFF,TRAV26-1*01,TRAJ41*01,TRBV19*01,TRBJ2-1*01,RAKFKQLL,HLA-B*08:01,swapped,0,0.009045766
YQTSGFNGL,NVLDGL,CAASSSGGYQKVTF,DPISGHTAL,YFQGNSAPDKSGLPSDRFS,CASSPSGISYEQYF,TRAV1-2*01,TRAJ13*01,TRBV7-2*01,TRBJ2-7*01,RAKFKQLL,HLA-B*08:01,true_neg,0,0.033944033
YDTSDPSYGL,QGSYDQQN,CAMKAGGADGLTF,EQHLGHNAM,VYSLEERVENNSVPSRFS,CASSLSGTGFGGAETQYF,TRAV14/DV4*01,TRAJ45*01,TRBV4-3*01,TRBJ2-5*01,RAKFKQLL,HLA-B*08:01,true_neg,0,0.15364031
YSDSASNYF,IRSNVGE,CAASRDYKLSF,QVDSQVTMM,TANQGSEATYESGFVIDKFP,CSVGAIMDEQFF,TRAV13-1*01,TRAJ20*01,TRBV29-1*01,TRBJ2-1*01,RAKFKQLL,HLA-B*08:01,swapped,0,0.3571384
YSTTSDRL,LLSNGAV,CALGGGADGLTF,TQDMNHNYM,YSVGAGITDKGEVPNGYN,CASSWSPGHRSYEQYF,TRAV39*01,TRAJ45*01,TRBV6-6*01,TRBJ2-7*01,RAKFKQLL,HLA-B*08:01,true_neg,0,0.06106018
HNNIATNDYI,GYKTK,CLVGDTSNSGYSTLTF,SPISGHRSV,EYFSETQRNKGNFPGRFS,CASSLGQGAGTEAFF,TRAV4*01,TRAJ11*01,TRBV5-1*01,TRBJ1-1*01,RAKFKQLL,HLA-B*08:01,true_neg,0,0.036200926
FPSSNFYAL,MTLNGDE,CASAGSGNTGKLIF,EQNLNHDAM,YSQIVNDFQKGDIAEGYS,CASSTRSGTEAFF,TRAV24*01,TRAJ37*01,TRBV19*01,TRBJ1-1*01,RAKFKQLL,HLA-B*08:01,swapped,0,0.02058459
YTNSMFDYF,ISSIKDK,CAASGGNQFYF,QVDSQVTMM,TANQGSEATYESGFVIDKFP,CSVGVWTGGISGYTF,TRAV29/DV5*01,TRAJ49*01,TRBV29-1*01,TRBJ1-2*01,RAKFKQLL,HLA-B*08:01,true_neg,0,0.16234423
YSNSASQSF,VYSSG,CVVNMLAGNTDKLIF,RSLDFQATTM,TSNEGSKATYEQGVEKDKFL,CSASIFRDLTHNEQF,TRAV12-1,TRAJ34,TRBV20-01,TRBJ2-1,RAKFKQLL,HLA-B*08:01,swapped,0,0.0060674995
HSTISGTDYI,GLTSN,CILPLAGGTSYGKLTF,TVEGTSNPNL,YSVGIGQISSEVPQNLS,CAWSVADTQYF,TRAV26-2*01,TRAJ52*01,TRBV30*01,TRBJ2-3*01,RAKFKQLL,HLA-B*08:01,swapped,0,0.009457287
YTDSSSTYL,IFSNMDM,CAESLWDDKIIF,NPISGHATL,QFQNNGVVDDSQLPKDRFS,CASSWGGGSHYGYTF,TRAV5*01,TRAJ30*01,TRBV11-2*01,TRBJ1-2*01,RAKFKQLL,HLA-B*08:01,swapped,0,0.37126258
HSTISGNEYV,GLKNN,CIVRVEGGGGNKLTF,YPIPRHDTV,SFYEKMQSDKGSIPDRFS,CASSETGVAVYGYTF,TRAV26-1*01,TRAJ10*01,TRBV13*01,TRBJ1-2*01,RAKFKQLL,HLA-B*08:01,true_neg,0,0.012139154
YSSSVSVYL,YLSGSTL,CAVPGSQGNLIF,EQNLNHDAM,YSQIVNDFQKGDIAEGYS,CASSIRSGYEQYF,TRAV8-6*01,TRAJ42*01,TRBV19*01,TRBJ2-7*01,RAKFKQLL,HLA-B*08:01,swapped,0,0.008577684
SSSVFSSL,VVTGGEV,CAGEGETSGSRLTF,KPISGHNSL,YFNNNVPIDDSGMPEDRFS,CASSPRGDEQFF,TRAV27*01,TRAJ58*01,TRBV12-3*01,TRBJ2-1*01,RAKFKQLL,HLA-B*08:01,true_neg,0,0.4339238
YSSSVSVYL,YLSGSTL,CAVSDLSPEGFQKLVF,EQHLGHNAM,VYNFKEQTENNSVPSRFS,CASSQDRLRQGDSPLHF,TRAV8-6*01,TRAJ8*01,TRBV4-2*01,TRBJ1-6*01,RAKFKQLL,HLA-B*08:01,true_neg,0,0.13459536
YSDRGSQSF,IYSNGD,CAVPGGGGSQGNLIF,EQNLNHDAM,YSQIVNDFQKGDIAEGYS,CASSMRSTNEQFF,TRAV12-2*01,TRAJ42*01,TRBV19*01,TRBJ2-1*01,RAKFKQLL,HLA-B*08:01,swapped,0,0.004110609
HSTISGNEYV,GLKNN,CIVREGNLDDMRF,DPISEHNRL,YFQNEAQLEKSRLLSDRFS,CASSPLAGAAIHTQYF,TRAV26-1*01,TRAJ43*01,TRBV7-9*01,TRBJ2-3*01,RAKFKQLL,HLA-B*08:01,tenx,1,0.18122047
YTVSGLRGL,LYSAGEE,CAFLGANDYKLSF,QVDSQVTMM,TANQGSEATYESGFVIDKFP,CSVNGGNTGELFF,TRAV20*01,TRAJ20*01,TRBV29-1*01,TRBJ2-2*01,RAKFKQLL,HLA-B*08:01,true_neg,0,0.31065157
YTDSSSTYL,IFSNMDM,CAESKGNLIF,DPISGHDNL,HFVKESKQDESGMPNNRFL,CASSQSPGGEQYF,TRAV5*01,TRAJ42*01,TRBV14*01,TRBJ2-7*01,RAKFKQLL,HLA-B*08:01,swapped,0,0.030886147
YDTSDPSYGL,QGSYDQQN,CAMRGILGAGNNRKLIW,DPISEHNRL,YFQNEAQLEKSRLLSDRFS,CASSFNTEAFF,TRAV14/DV4*01,TRAJ38*01,TRBV7-9*01,TRBJ1-1*01,RAKFKQLL,HLA-B*08:01,swapped,0,0.008219713
FTDSAIYNL,IQSSQRE,CAVPSDSWGKFQF,SPISGHRSV,EYFSETQRNKGNFPGRFS,CASSLPGIDTQYF,TRAV21*01,TRAJ24*01,TRBV5-1*01,TRBJ2-3*01,RAKFKQLL,HLA-B*08:01,true_neg,0,0.016364563
YSYGGTVNL,YFSGDPL,LKENTGFQKLVF,EQNLNHDAM,YSQIVNDFQKGDIAEGYS,CASSGTGAGEQYF,TRAV8-1*01,TRAJ8*01,TRBV19*01,TRBJ2-7*01,RAKFKQLL,HLA-B*08:01,swapped,0,0.023505572
YSNSASDYF,IRSNMDK,CAENMFQGGSEKLVF,VPISNHLYF,SFYNNEISEKSEIFDDQFS,CASSGSDTQYF,TRAV13-2*01,TRAJ57*01,TRBV2*01,TRBJ2-3*01,RAKFKQLL,HLA-B*08:01,swapped,0,0.036300875
YDTSDPSYGL,QGSYDQQN,CAMREGAGGYQKVTF,HQTWNHNNM,YSYGVQDTNKGEVSDGYS,CASSEKTGENYEQYF,TRAV14/DV4*01,TRAJ13*01,TRBV10-1*01,TRBJ2-7*01,RAKFKQLL,HLA-B*08:01,true_neg,0,0.032016438
FTDSAIYNL,IQSSQRE,CAVMTTDSWGKLQF,VQDMDHENM,FSYDVKMKEKGDIPEGYS,CASSTPGAKLGDTGELFF,TRAV21*01,TRAJ24*01,TRBV28*01,TRBJ2-2*01,RAKFKQLL,HLA-B*08:01,swapped,0,0.018023377
YSDRGSQSF,IYSNGD,CAVLFSGGYNKLIF,EQHLGHNAM,VYSLEERVENNSVPSRFS,CASSQEYKAAYPYGYTF,TRAV12-2*01,TRAJ4*01,TRBV4-3*01,TRBJ1-2*01,RAKFKQLL,HLA-B*08:01,true_neg,0,0.0073002926
YSDSASNYF,IRSNVGE,CAASTSNDYKLSF,SPKSGHDTV,QYYEEEERQRGNFPDRFS,CASSLVPDRQFTYEQYF,TRAV13-1*01,TRAJ20*01,TRBV5-6*01,TRBJ2-7*01,RAKFKQLL,HLA-B*08:01,true_neg,0,0.19899258
YTDSSSTYL,IFSNMDM,CAETQDSNYQLIW,EQHMGHRAM,VYSYEKLSINESVPSRFS,CASSLLWAEYNEQFF,TRAV5*01,TRAJ33*01,TRBV4-1*01,TRBJ2-1*01,RAKFKQLL,HLA-B*08:01,tenx,1,0.96578074
YEVTNFRSL,LTSSGIE,CAAPGAGSYQLTF,VQDMDHENM,FSYDVKMKEKGDIPEGYS,CASTLWSATNEKLFF,TRAV36/DV7*01,TRAJ28*01,TRBV28*01,TRBJ1-4*01,RAKFKQLL,HLA-B*08:01,swapped,0,0.021361385
SSTTLSNI,LVKSGE,CAASARSMDSNYQLIW,EQNLNHDAM,YSQIVNDFQKGDIAEGYS,CASSIHGANQPQHF,TRAV25:01,TRAJ52:01,TRBV19:01,TRBJ1-5:01,RAKFKQLL,HLA-B*08:01,swapped,0,0.008486274
YTDSSSTYL,IFSNMDM,CAENTGRRALTF,EQHLGHNAM,VYSLEERVENNSVPSRFS,CASSPTDGGYYGYTF,TRAV5*01,TRAJ5*01,TRBV4-3*01,TRBJ1-2*01,RAKFKQLL,HLA-B*08:01,swapped,0,0.06766288
YSSSVPPYL,YTSAATL,CAVRERANQAGTALIF,NPISGHATL,QFQNNGVVDDSQLPKDRFS,CASSWGGGSHYGYTF,TRAV8-4*01,TRAJ15*01,TRBV11-2*01,TRBJ1-2*01,RAKFKQLL,HLA-B*08:01,swapped,0,0.007703232
YSSSVPPYL,YTSAATL,CAVSATGFQKLVF,SPISGHKSV,QYYEKEERGRGNFPDRFS,CASSFRQTANYGYTF,TRAV8-4*01,TRAJ8*01,TRBV5-5*01,TRBJ1-2*01,RAKFKQLL,HLA-B*08:01,true_neg,0,0.038905986
YDTSDPSYGL,QGSYDQQN,CAMREGYTGGFKTIF,EQHLGHNAM,VYSLEERVENNSVPSRFS,CASSPGTSGGDTQYF,TRAV14/DV4*01,TRAJ9*01,TRBV4-3*01,TRBJ2-3*01,RAKFKQLL,HLA-B*08:01,true_neg,0,0.068589464
YETRDTTYYL,RNSFDEQN,CALSSGGATNKLIF,SPISGHRSV,EYFSETQRNKGNFPGRFS,CASSLWLPGEGEQFF,TRAV19*01,TRAJ32*01,TRBV5-1*01,TRBJ2-1*01,RAKFKQLL,HLA-B*08:01,true_neg,0,0.042748895
YSDSASNYF,IRSNVGE,CAASMGGGSQGNLIF,RSLDFQATTM,TSNEGSKATYEQGVEKDKFL,CSASPGDYEQYF,TRAV13-1*01,TRAJ42*01,TRBV20-1*01,TRBJ2-7*01,RAKFKQLL,HLA-B*08:01,swapped,0,0.037930526
YSDRGSQSF,IYSNGD,CAVSFGNEKLTF,VQDMDHENM,FSYDVKMKEKGDIPEGYS,CAEGQGFVGQPQHF,TRAV12-2*01,TRAJ48*01,TRBV28*01,TRBJ1-5*01,RAKFKQLL,HLA-B*08:01,swapped,0,0.00459956
FTDSAIYNL,IQSSQRE,CAVTDSWGKLQF,SPRSGDLSV,QYYNGEERAKGNILERFS,CASSPLREGTDTQYF,TRAV21*01,TRAJ24*01,TRBV9*01,TRBJ2-3*01,RAKFKQLL,HLA-B*08:01,true_neg,0,0.011085661
YTVSPFSNL,MTFSENT,CVVTPGREYGNKLVF,EQNLNHDAM,YSQIVNDFQKGDIAEGYS,CASSISSGSYNEQFF,TRAV10*01,TRAJ47*01,TRBV19*01,TRBJ2-1*01,RAKFKQLL,HLA-B*08:01,swapped,0,0.03109911
YSDSASNYF,IRSNVGE,CAASETSYDKVIF,QVDSQVTMM,TANQGSEATYESGFVIDKFP,CSVGSGEDSPQYF,TRAV13-1*01,TRAJ50*01,TRBV29-1*01,TRBJ2-3*01,RAKFKQLL,HLA-B*08:01,tenx,1,0.9933879
YSDSASNYF,IRSNVGE,CAASETSYDKVIF,AQDMNHNSM,YSASEGTTDKGEVPNGYN,CASSEVVSTTYEQYF,TRAV13-1*01,TRAJ50*01,TRBV6-1*01,TRBJ2-7*01,RAKFKQLL,HLA-B*08:01,tenx,1,0.82794887
HSTISGTDYI,GLTSN,CILRVFKAAGNKLTF,DPISGHVSL,YFQNEAQLDKSGLPSDRFF,CASSLAHVANYGYTF,TRAV26-2*01,TRAJ17*01,TRBV7-8*01,TRBJ1-2*01,RAKFKQLL,HLA-B*08:01,true_neg,0,0.0053201867
YDTSDPSYGL,QGSYDQQN,CAMSPASGGSYIPTF,DPISGHTAL,YFQGTGAADDSGLPNDRFF,CASSLMVGLTYEQYF,TRAV14/DV4*01,TRAJ6*01,TRBV7-3*01,TRBJ2-7*01,RAKFKQLL,HLA-B*08:01,true_neg,0,0.12134025
SSSIFNTW,LYKAGEL,CAGQSEEANYGGSQGNLIF,EQNLNHDAM,YSQIVNDFQKGDIAEGYS,CASSSRSQYEQYF,TRAV35*01,TRAJ42*01,TRBV19*01,TRBJ2-7*01,RAKFKQLL,HLA-B*08:01,swapped,0,0.007878021
YSDRGSQSF,IYSNGD,CAVSKAAGNKLTF,SPKSGHDTV,QYYEEEERQRGNFPDRFS,CASVPRGGQLHSPLHF,TRAV12-2*01,TRAJ17*01,TRBV5-6*01,TRBJ1-6*01,RAKFKQLL,HLA-B*08:01,true_neg,0,0.028480697
YSSSVPPYL,YTSAATL,CAVSDAGGNKLVF,AQDMNHEYM,YSVGEGTTAKGEVPDGYN,CASSYSDWQTNSSNQPQHF,TRAV8-4*01,TRAJ47*01,TRBV6-3*01,TRBJ1-5*01,RAKFKQLL,HLA-B*08:01,true_neg,0,0.018473756
YSDSASNYF,IRSNVGE,CAASETSYDKVIF,KPISGHNSL,YFNNNVPIDDSGMPEDRFS,CASSPGTNYGYTF,TRAV13-1*01,TRAJ50*01,TRBV12-3*01,TRBJ1-2*01,RAKFKQLL,HLA-B*08:01,tenx,1,0.9839835
FTDSAIYNL,IQSSQRE,CAVDLMKTSYDKVIF,SPISGHKSV,QYYEKEERGRGNFPDRFS,CASSLGPGGHWGTEAFF,TRAV21*01,TRAJ50*01,TRBV5-5*01,TRBJ1-1*01,RAKFKQLL,HLA-B*08:01,true_neg,0,0.052294273
SSTTLSNI,LVKSGE,CAGQTGGSQGNLIF,EQNLNHDAM,YSQIVNDFQKGDIAEGYS,CASSTRSTDTQYF,TRAV25*01,TRAJ42*01,TRBV19*01,TRBJ2-3*01,RAKFKQLL,HLA-B*08:01,swapped,0,0.004647323
YQTSGFNGL,NVLDGL,CAVMNYGQNFVF,EQHLGHNAM,VYSLEERVENNSVPSRFS,CASSHGREREGRSSDTQYF,TRAV1-2*01,TRAJ26*01,TRBV4-3*01,TRBJ2-3*01,RAKFKQLL,HLA-B*08:01,true_neg,0,0.044296134
YSVSGNPYL,YITGDNL,CAVRPYNTNAGKSTF,SSQSGHNTV,QYYREEENGRGNFPPRFS,CASSLSGLAGVFYNEQFF,TRAV3*01,TRAJ27*01,TRBV5-4*01,TRBJ2-1*01,RAKFKQLL,HLA-B*08:01,true_neg,0,0.013361787
YSDSASNYF,IRSNVGE,CAASGYDYKLSF,NPISGHATL,QFQNNGVVDDSQLPKDRFS,CASSWGGGSHYGYTF,TRAV13-1*01,TRAJ20*01,TRBV11-2*01,TRBJ1-2*01,RAKFKQLL,HLA-B*08:01,swapped,0,0.1281082
YSDSASNYF,IRSNVGE,CAAMETSYDKVIF,EQNLNHDAM,YSQIVNDFQKGDIAEGYS,CASSIRSSYEQYF,TRAV13-1*01,TRAJ50*01,TRBV19*01,TRBJ2-7*01,RAKFKQLL,HLA-B*08:01,tenx,1,0.7189367
YSDSASNYF,IRSNVGE,CAAMETSYDKVIF,SPRSGDLSV,QYYNGEERAKGNILERFS,CASSVARTGTNTGELFF,TRAV13-1*01,TRAJ50*01,TRBV9*01,TRBJ2-2*01,RAKFKQLL,HLA-B*08:01,tenx,1,0.92951506
YTDSSSTYL,IFSNMDM,CAEMEGGSYIPTF,EQHMGHRAM,VYSYEKLSINESVPSRFS,CASSRDRDYGYTF,TRAV5*01,TRAJ6*01,TRBV4-1*01,TRBJ1-2*01,RAKFKQLL,HLA-B*08:01,tenx,1,0.9366307
YSDRGSQSF,IYSNGD,CAVKDSGGGADGLTF,SQNMNHEYM,YSMNVEVTDKGDVPEGYK,CASSPQGLGQPQHF,TRAV12-2*01,TRAJ45*01,TRBV27*01,TRBJ1-5*01,RAKFKQLL,HLA-B*08:01,swapped,0,0.021649431
YKTSINNL,IRSNERE,CATDGGGGSQGNLIF,EQNLNHDAM,YSQIVNDFQKGDIAEGYS,CATSQRSTDTQYF,TRAV17*01,TRAJ42*01,TRBV19*01,TRBJ2-3*01,RAKFKQLL,HLA-B*08:01,swapped,0,0.004099891
YTDSSSTYL,IFSNMDM,CADSGGFKTIF,DPISGHVSL,YFQNEAQLDKSGLPSDRFF,CASSLASERSTYEQYF,TRAV5*01,TRAJ9*01,TRBV7-8*01,TRBJ2-7*01,RAKFKQLL,HLA-B*08:01,true_neg,0,0.05698048
YSDRGSQSF,IYSNGD,CAVIVWGAQKLVF,EQNLGHDTM,SYNNKELIINETVPNRFS,CASSLTGDGTEAFF,TRAV12-2*01,TRAJ54*01,TRBV3-1*01,TRBJ1-1*01,RAKFKQLL,HLA-B*08:01,true_neg,0,0.21548264
YSNSASDYF,IRSNMDK,CADSGGGADGLTF,SPKSGHDTV,QYYEEEERQRGNFPDRFS,CASSLTEGGRNQPQHF,TRAV13-2*01,TRAJ45*01,TRBV5-6*01,TRBJ1-5*01,RAKFKQLL,HLA-B*08:01,tenx,1,0.92053205
YSDRGSQSF,IYSNGD,CAVGGFGNVLHC,EQHMGHRAM,VYSYEKLSINESVPSRFS,CASSQTRGAGNTIYF,TRAV12-2*01,TRAJ35*01,TRBV4-1*01,TRBJ1-3*01,RAKFKQLL,HLA-B*08:01,swapped,0,0.38570756
FTDSAIYNL,IQSSQRE,CAVRIGGGFKTIF,AQDMNHNSM,YSASEGTTDKGEVPNGYN,CASIQGAGANVLTF,TRAV21*01,TRAJ9*01,TRBV6-1*01,TRBJ2-6*01,RAKFKQLL,HLA-B*08:01,true_neg,0,0.008360281
HNNIATNDYI,GYKTK,CLVGDFLSGNTPLVF,DPISEHNRL,YFQNEAQLEKSRLLSDRFS,CASSHPSQPQHF,TRAV4*01,TRAJ29*01,TRBV7-9*01,TRBJ1-5*01,RAKFKQLL,HLA-B*08:01,true_neg,0,0.009786017
YTDSSSTYL,IFSNMDM,CAETLFSGGYNKLIF,EQHLGHNAM,VYSLEERVENNSVPSRFS,CASSQDELNTEAFF,TRAV5*01,TRAJ4*01,TRBV4-3*01,TRBJ1-1*01,RAKFKQLL,HLA-B*08:01,true_neg,0,0.025458407
YSVGISAL,LSSGK,CAVSSLGGGSQGNLIF,AQDMNHEYM,YSVGEGTTAKGEVPDGYN,CASSYWNQPQHF,TRAV41*01,TRAJ42*01,TRBV6-3*01,TRBJ1-5*01,RAKFKQLL,HLA-B*08:01,swapped,0,0.004994926
YSDSASNYF,IRSNVGE,CAASKGHLAYGNKLVF,SPMKGHSHV,YLQKENIIDESGMPKERFS,CASSPPGGGNTGELFF,TRAV13-1*01,TRAJ47*01,TRBV18*01,TRBJ2-2*01,RAKFKQLL,HLA-B*08:01,tenx,1,0.46268433
SSSVFSSL,VVTGGEV,CAGAHQGGKLIF,EQNLNHDAM,YSQIVNDFQKGDIAEGYS,CASSSRSAYEQYF,TRAV27*01,TRAJ23*01,TRBV19*01,TRBJ2-7*01,RAKFKQLL,HLA-B*08:01,swapped,0,0.010578228
YTDSSSTYL,IFSNMDM,CAGRGNNARLMF,EQNLNHDAM,YSQIVNDFQKGDIAEGYS,CASSIGSYGYTF,TRAV5*01,TRAJ31*01,TRBV19*01,TRBJ1-2*01,RAKFKQLL,HLA-B*08:01,swapped,0,0.008072408
YQTSGFNGL,NVLDGL,CAVKGARLMF,DPISEHNRL,YFQNEAQLEKSRLLSDRFS,CASSSSFTSVTANYGYTF,TRAV1-2*01,TRAJ31*01,TRBV7-9*01,TRBJ1-2*01,RAKFKQLL,HLA-B*08:01,swapped,0,0.0170837
YQTSGFYGL,NALDGL,CAAPNSGNTPLVF,TQDMNHNYM,YSVGAGITDKGEVPNGYN,CASSYSGDTEETQYF,TRAV1-1*01,TRAJ29*01,TRBV6-6*01,TRBJ2-5*01,RAKFKQLL,HLA-B*08:01,true_neg,0,0.036796916
YSNSAFQYF,TYSSGN,CAMAYSNFGNEKLTF,SPISGHRSV,EYFSETQRNKGNFPGRFS,CASSPGTPSLTGELFF,TRAV12-3*01,TRAJ48*01,TRBV5-1*01,TRBJ2-2*01,RAKFKQLL,HLA-B*08:01,swapped,0,0.021279914
YSNSASQSF,VYSSG,CVPKGGWGKLQF,SPISGHRSV,EYFSETQRNKGNFPGRFS,CASSLDNTEAFF,TRAV12-1*01,TRAJ24*01,TRBV5-1*01,TRBJ1-1*01,RAKFKQLL,HLA-B*08:01,true_neg,0,0.012907202
YSNSAFQYF,TYSSGN,CAMRETGRRALTF,AQDMNHEYM,YSVGEGTTAKGEVPDGYN,CASSGRHPGLAGGNNEQFF,TRAV12-3*01,TRAJ5*01,TRBV6-3*01,TRBJ2-1*01,RAKFKQLL,HLA-B*08:01,true_neg,0,0.05951277
YSVSGNPYL,YITGDNL,CAVRDVF,SPKSGHDTV,QYYEEEERQRGNFPDRFS,CASSLGYGMNTEAFF,TRAV3*01,TRAJ16*01,TRBV5-6*01,TRBJ1-1*01,RAKFKQLL,HLA-B*08:01,true_neg,0,0.10981438
YKTSINNL,IRSNERE,CATDGEYAGGTSYGKLTF,VPISNHLYF,SFYNNEISEKSEIFDDQFS,CASSVRTGYTEAFF,TRAV17*01,TRAJ52*01,TRBV2*01,TRBJ1-1*01,RAKFKQLL,HLA-B*08:01,swapped,0,0.014955947
YSDRGSQSF,IYSNGD,CAVFWAPSGSARQLTF,VQDMDHENM,FSYDVKMKEKGDIPEGYS,CASSFTTGGNQPQHF,TRAV12-2*01,TRAJ22*01,TRBV28*01,TRBJ1-5*01,RAKFKQLL,HLA-B*08:01,true_neg,0,0.0061760815
YDTSESDYYL,QEAYKQQN,CAYRSDSGTYKYIF,EQHMGHRAM,VYSYEKLSINESVPSRFS,CASSTSTGTGYGYTF,TRAV38-2/DV8*01,TRAJ40*01,TRBV4-1*01,TRBJ1-2*01,RAKFKQLL,HLA-B*08:01,tenx,1,0.6573279
YDTSESDYYL,QEAYKQQN,CAYISDDMRF,VQDMDHENM,FSYDVKMKEKGDIPEGYS,CASSVVAAAGELFF,TRAV38-2/DV8*01,TRAJ43*01,TRBV28*01,TRBJ2-2*01,RAKFKQLL,HLA-B*08:01,true_neg,0,0.051331438
YDTSENNYYL,QEAYKQQN,CALGTNAGKSTF,KPISGHDYL,YFNNNVPIDDSGMPEDRFS,CASTRRRGRYGYTF,TRAV38-1*01,TRAJ27*01,TRBV12-4*01,TRBJ1-2*01,RAKFKQLL,HLA-B*08:01,true_neg,0,0.038218647
YDTSDPSYGL,QGSYDQQN,CAMREGLGTGGFKTIF,EQHLGHNAM,VYSLEERVENNSVPSRFS,CASSQPGQGPYTGELFF,TRAV14/DV4*01,TRAJ9*01,TRBV4-3*01,TRBJ2-2*01,RAKFKQLL,HLA-B*08:01,true_neg,0,0.041906867
FTDSAIYNL,IQSSQRE,CAGINYGQNFVF,QPILGHNTV,YFRNRAPLDDSGMPKDRFS,CASGSPLGKLFF,TRAV21*01,TRAJ26*01,TRBV12-5*01,TRBJ1-4*01,RAKFKQLL,HLA-B*08:01,true_neg,0,0.4289473
YTNSMFDYF,ISSIKDK,CAARAARFGL,TVEGTSNPNL,YSVGIGQISSEVPQNLS,CAWSLTGGWNTEAFF,TRAV29/DV5*01,TRAJ28*01,TRBV30*01,TRBJ1-1*01,RAKFKQLL,HLA-B*08:01,true_neg,0,0.025594776
YSNSASDYF,IRSNMDK,CAENETGGFKTIF,EQNLNHDAM,YSQIVNDFQKGDIAEGYS,CASSWGTGTNEQFF,TRAV13-2*01,TRAJ9*01,TRBV19*01,TRBJ2-1*01,RAKFKQLL,HLA-B*08:01,true_neg,0,0.08146776
YSSSVPPYL,YTSAATL,CAVSGYNAGNMLTF,SPRSGDLSV,QYYNGEERAKGNILERFS,CASSVAESPGYPPLVTEAFF,TRAV8-4*01,TRAJ39*01,TRBV9*01,TRBJ1-1*01,RAKFKQLL,HLA-B*08:01,swapped,0,0.004317124
YSDRGSQSF,IYSNGD,CAVNTGDMRF,AQDMNHNSM,YSASEGTTDKGEVPNGYN,CASSPGQGLDTQYF,TRAV12-2*01,TRAJ43*01,TRBV6-1*01,TRBJ2-3*01,RAKFKQLL,HLA-B*08:01,swapped,0,0.008742597
HSTISGTDYI,GLTSN,CILPLAGGTSYGKLTF,HQTENHRYM,YSYGVKDTDKGEVSDGYS,CAISESYEQYF,TRAV26-2*01,TRAJ52*01,TRBV10-3*01,TRBJ2-7*01,RAKFKQLL,HLA-B*08:01,swapped,0,0.0135962125
YSYGATPYL,YFSGDTL,CAFSYSSASKIIF,RSLDFQATTM,TSNEGSKATYEQGVEKDKFL,CSARDTGSQGRETQYF,TRAV8-3*01,TRAJ3*01,TRBV20-1*01,TRBJ2-5*01,RAKFKQLL,HLA-B*08:01,true_neg,0,0.016153285
YTDSSSTYL,IFSNMDM,CAEKATGFQKLVF,EQHMGHRAM,VYSYEKLSINESVPSRFS,CASSQDSGGALGEQFF,TRAV5*01,TRAJ8*01,TRBV4-1*01,TRBJ2-1*01,RAKFKQLL,HLA-B*08:01,true_neg,0,0.5610651
FSDSVNNL,IPSGT,CAVGVTGGGADGLTF,KPISGHNSL,YFNNNVPIDDSGMPEDRFS,CASRELAGVQETQYF,TRAV22*01,TRAJ45*01,TRBV12-3*01,TRBJ2-5*01,RAKFKQLL,HLA-B*08:01,true_neg,0,0.100280896
YTDSSSTYL,IFSNMDM,CAEIIEYSSASKIIF,EQNLNHDAM,YSQIVNDFQKGDIAEGYS,CASRGENPIETQYF,TRAV5*01,TRAJ3*01,TRBV19*01,TRBJ2-5*01,RAKFKQLL,HLA-B*08:01,true_neg,0,0.01384196
YETRDTTYYL,RNSFDEQN,CALSGSSVGAAGNKLTF,SPRSGDLSV,QYYNGEERAKGNILERFS,CASSVVASSYNEQFF,TRAV19*01,TRAJ17*01,TRBV9*01,TRBJ2-1*01,RAKFKQLL,HLA-B*08:01,swapped,0,0.0056759366
HNNIATNDYI,GYKTK,CLVADGLTGGGNKLTF,EQNLGHDTM,SYNNKELIINETVPNRFS,CASSQGRAPDEQFF,TRAV4*01,TRAJ10*01,TRBV3-1*01,TRBJ2-1*01,RAKFKQLL,HLA-B*08:01,true_neg,0,0.013923839
YETRDTTYYL,RNSFDEQN,CALSSHSGAGSYQLTF,EQHMGHRAM,VYSYEKLSINESVPSRFS,CASSQEIPGIMGNTEAFF,TRAV19*01,TRAJ28*01,TRBV4-1*01,TRBJ1-1*01,RAKFKQLL,HLA-B*08:01,true_neg,0,0.08352716
HSVSNAYNF,GSKPS,CAVVGNQAGTALIF,SQNMNHEYM,YSMNVEVTDKGDVPEGYK,CASSLSNWRGAGYEQYF,TRAV2*01,TRAJ15*01,TRBV27*01,TRBJ2-7*01,RAKFKQLL,HLA-B*08:01,true_neg,0,0.01999777
YSSSVSVYL,YLSGSTL,CAVRSNDYKLSF,QVDSQVTMM,TANQGSEATYESGFVIDKFP,CSVEVEAGTEAFF,TRAV8-6*01,TRAJ20*01,TRBV29-1*01,TRBJ1-1*01,RAKFKQLL,HLA-B*08:01,true_neg,0,0.1349082
HSTISGTDYI,GLTSN,CIAHGGGGADGLTF,SQTKGHDRM,YSFDVKDINKGEISDGYS,CATSDGLAGGWANVLTF,TRAV26-2*01,TRAJ45*01,TRBV24-1*01,TRBJ2-6*01,RAKFKQLL,HLA-B*08:01,swapped,0,0.13271299
YDTSENNYYL,QEAYKQQN,CAFSHGGSQGNLIF,SQTLNHNVM,HYYDKDFNNEADTPDNFQ,CATSEGGHLRPDTQYF,TRAV38-1*01,TRAJ42*01,TRBV15*01,TRBJ2-3*01,RAKFKQLL,HLA-B*08:01,true_neg,0,0.012940655
YDTSESDYYL,QEAYKQQN,CAYRSLNTDKLIF,DPISEHNRL,YFQNEAQLEKSRLLSDRFS,CASRQGGTSPLHF,TRAV38-2/DV8*01,TRAJ34*01,TRBV7-9*01,TRBJ1-6*01,RAKFKQLL,HLA-B*08:01,swapped,0,0.031868823
FSDSVNNL,IPSGT,CASPGGGGSQGNLIF,EQNLNHDAM,YSQIVNDFQKGDIAEGYS,CASRKRGTAPQFF,TRAV22:01,TRAJ45:01,TRBV19:01,TRBJ2-3:01,RAKFKQLL,HLA-B*08:01,swapped,0,0.0039856564
SSSIFNTW,LYKAGEL,CAGQLVSGTYKYIF,RSLDFQATTM,TSNEGSKATYEQGVEKDKFL,CSARDSGGANSPLHF,TRAV35*01,TRAJ40*01,TRBV20-1*01,TRBJ1-6*01,RAKFKQLL,HLA-B*08:01,true_neg,0,0.008095144
SSSVFSSL,VVTGGEV,CAGAGSQGNLIF,DPISGHTAL,YFQGNSAPDKSGLPSDRFS,CASAHPRASGSTDTQYF,TRAV27*01,TRAJ42*01,TRBV7-2*01,TRBJ2-3*01,RAKFKQLL,HLA-B*08:01,swapped,0,0.044934988
YSNSAFQYF,TYSSGN,CARNTGNQFYF,AQDMNHEYM,YSVGAGITDQGEVPNGYN,CASSYVTGTGSYGYTGF,TRAV12-3*01,TRAJ49*01,TRBV6-5*01,TRBJ1-2*01,RAKFKQLL,HLA-B*08:01,swapped,0,0.014741765
YSVSGNPYL,YITGDNL,CAVRDTLYNTDKLIF,EQNLNHDAM,YSQIVNDFQKGDIAEGYS,CASSIELQGGTGELFF,TRAV3*01,TRAJ34*01,TRBV19*01,TRBJ2-2*01,RAKFKQLL,HLA-B*08:01,swapped,0,0.016912628
YTDSSSTYL,IFSNMDM,CAGDGGGGDKLIF,EQHMGHRAM,VYSYEKLSINESVPSRFS,CASRISRGSTDTQYF,TRAV5*01,TRAJ34*01,TRBV4-1*01,TRBJ2-3*01,RAKFKQLL,HLA-B*08:01,swapped,0,0.8390584
YQSSYSTFL,SSENQE,CAMNTGNQF,DPISGHDNL,HFVKESKQDESGMPNNRFL,CASSLEGYTEAF,TRAV18,TRAJ49,TRBV14,TRBJ1-1,RAKFKQLL,HLA-B*08:01,swapped,0,0.027253494
YSYGATPYL,YFSGDTL,CAVGGPGGSQGNLIF,RSLDFQATTM,TSNEGSKATYEQGVEKDKFL,CSARDTTGGLRDTQYF,TRAV8-3*01,TRAJ42*01,TRBV20-1*01,TRBJ2-3*01,RAKFKQLL,HLA-B*08:01,true_neg,0,0.0066442946
YSNSASDYF,IRSNMDK,CAESSSGGGADGLTF,AQDMNHNSM,YSASEGTTDKGEVPNGYN,CASSEAGTENYGYTF,TRAV13-2*01,TRAJ45*01,TRBV6-1*01,TRBJ1-2*01,RAKFKQLL,HLA-B*08:01,true_neg,0,0.24445596
YTNSMFDYF,ISSIKDK,CAVHMDSNYQLIW,DPISEHNRL,YFQNEAQLEKSRLLSDRFS,CASSREPRPFYGYTF,TRAV29/DV5*01,TRAJ33*01,TRBV7-9*01,TRBJ1-2*01,RAKFKQLL,HLA-B*08:01,true_neg,0,0.13962498
YTDSSSTYL,IFSNMDM,CAEDSASKIIF,RSLDFQATTM,TSNEGSKATYEQGVEKDKFL,CSARDETGNGYTF,TRAV5*01,TRAJ3*01,TRBV20-1*01,TRBJ1-2*01,RAKFKQLL,HLA-B*08:01,swapped,0,0.042694703
YSSSVPPYL,YTSAATL,CAVRGNAGGTSYGKLTF,AQDMNHEYM,YSVGEGTTAKGEVPDGYN,CASKDRGGGTDTQYF,TRAV8-4*01,TRAJ52*01,TRBV6-3*01,TRBJ2-3*01,RAKFKQLL,HLA-B*08:01,true_neg,0,0.00926231
YSSSVSVYL,YLSGSTL,CAVSVRMDSSYKLIF,EQHMGHRAM,VYSYEKLSINESVPSRFS,CASSQDPGYEQYF,TRAV8-6*02,TRAJ12*01,TRBV4-1*01,TRBJ2-7*01,RAKFKQLL,HLA-B*08:01,swapped,0,0.13186209
YSDRGSQSF,IYSNGD,CAVNLGSYIPTF,EQNLNHDAM,YSQIVNDFQKGDIAEGYS,CATSWGGSGELFF,TRAV12-2*01,TRAJ6*01,TRBV19*01,TRBJ2-2*01,RAKFKQLL,HLA-B*08:01,swapped,0,0.012119922
